customer_id,payment_date,amount
C0001,2023-07-20,855.81
C0002,2023-11-08,467.19
C0002,2023-12-08,328.5
C0002,2024-01-08,554.96
C0002,2024-02-08,405.34
C0002,2024-03-08,898.71
C0002,2024-04-08,748.73
C0002,2024-05-08,989.86
C0002,2024-06-08,826.17
C0003,2023-05-07,949.97
C0003,2023-06-07,465.75
C0003,2023-07-07,178.23
C0003,2023-08-07,762.31
C0003,2023-09-07,210.5
C0004,2023-03-23,678.63
C0004,2023-04-23,919.56
C0004,2023-05-23,402.28
C0004,2023-06-23,426.75
C0004,2023-07-23,847.59
C0004,2023-08-23,796.45
C0004,2023-09-23,874.96
C0004,2023-10-23,977.09
C0004,2023-11-23,202.81
C0004,2023-12-23,986.83
C0004,2024-01-23,263.9
C0004,2024-02-23,561.21
C0004,2024-03-23,728.96
C0004,2024-04-23,296.22
C0004,2024-05-23,479.53
C0004,2024-06-23,910.52
C0005,2023-11-24,714.87
C0005,2023-12-24,576.7
C0005,2024-01-24,548.28
C0005,2024-02-24,464.72
C0005,2024-03-24,748.18
C0005,2024-04-24,226.02
C0005,2024-05-24,339.85
C0005,2024-06-24,325.66
C0006,2023-04-08,544.85
C0006,2023-05-08,854.3
C0006,2023-06-08,793.82
C0006,2023-07-08,418.48
C0007,2023-03-22,265.93
C0007,2023-04-22,793.89
C0007,2023-05-22,853.37
C0007,2023-06-22,923.96
C0007,2023-07-22,649.36
C0008,2023-02-24,456.98
C0009,2023-06-02,221.5
C0009,2023-07-02,342.92
C0009,2023-08-02,245.81
C0009,2023-09-02,861.77
C0010,2023-12-21,239.2
C0010,2024-01-21,526.81
C0010,2024-02-21,416.39
C0010,2024-03-21,734.43
C0010,2024-04-21,513.71
C0010,2024-05-21,169.99
C0010,2024-06-21,970.93
C0011,2023-12-26,192.78
C0011,2024-01-26,826.69
C0012,2023-12-25,811.01
C0012,2024-01-25,569.17
C0012,2024-02-25,962.35
C0012,2024-03-25,675.05
C0012,2024-04-25,751.69
C0012,2024-05-25,982.52
C0013,2023-11-27,682.0
C0013,2023-12-27,146.44
C0013,2024-01-27,139.75
C0013,2024-02-27,999.42
C0013,2024-03-27,525.89
C0013,2024-04-27,208.47
C0013,2024-05-27,273.34
C0013,2024-06-27,479.59
C0014,2023-10-28,770.56
C0014,2023-11-28,509.63
C0014,2023-12-28,680.09
C0014,2024-01-28,428.23
C0014,2024-02-28,532.96
C0015,2023-03-12,577.24
C0015,2023-04-12,464.04
C0015,2023-05-12,823.58
C0015,2023-06-12,695.49
C0015,2023-07-12,568.15
C0015,2023-08-12,889.0
C0015,2023-09-12,515.75
C0016,2023-04-25,100.21
C0016,2023-05-25,445.57
C0017,2023-05-19,163.03
C0017,2023-06-19,147.42
C0017,2023-07-19,133.84
C0017,2023-08-19,622.68
C0017,2023-09-19,458.46
C0017,2023-10-19,402.73
C0017,2023-11-19,759.04
C0017,2023-12-19,520.58
C0017,2024-01-19,867.54
C0017,2024-02-19,630.2
C0017,2024-03-19,919.31
C0017,2024-04-19,198.52
C0017,2024-05-19,211.99
C0018,2023-05-09,818.19
C0018,2023-06-09,629.7
C0019,2023-02-04,895.78
C0019,2023-03-04,913.35
C0020,2023-12-14,769.02
C0020,2024-01-14,461.42
C0020,2024-02-14,307.51
C0020,2024-03-14,208.3
C0020,2024-04-14,445.68
C0020,2024-05-14,961.54
C0020,2024-06-14,820.69
C0021,2023-10-09,294.69
C0021,2023-11-09,637.55
C0021,2023-12-09,334.21
C0021,2024-01-09,542.07
C0022,2023-05-02,907.69
C0022,2023-06-02,660.64
C0022,2023-07-02,131.38
C0023,2023-12-15,874.11
C0023,2024-01-15,452.05
C0023,2024-02-15,529.01
C0023,2024-03-15,866.97
C0023,2024-04-15,396.15
C0024,2023-07-12,761.69
C0024,2023-08-12,327.38
C0024,2023-09-12,726.14
C0024,2023-10-12,579.34
C0025,2023-08-15,198.52
C0026,2023-01-04,992.33
C0026,2023-02-04,894.62
C0026,2023-03-04,915.86
C0026,2023-04-04,695.9
C0026,2023-05-04,878.04
C0026,2023-06-04,569.13
C0027,2023-08-04,320.76
C0027,2023-09-04,244.36
C0027,2023-10-04,314.82
C0028,2023-06-22,195.25
C0028,2023-07-22,270.3
C0029,2023-04-22,965.18
C0029,2023-05-22,891.16
C0029,2023-06-22,837.95
C0029,2023-07-22,917.83
C0029,2023-08-22,600.56
C0029,2023-09-22,332.82
C0029,2023-10-22,175.69
C0029,2023-11-22,603.86
C0029,2023-12-22,439.03
C0029,2024-01-22,836.81
C0029,2024-02-22,355.01
C0029,2024-03-22,489.02
C0029,2024-04-22,452.94
C0029,2024-05-22,778.33
C0029,2024-06-22,256.38
C0030,2023-02-26,952.57
C0030,2023-03-26,793.89
C0030,2023-04-26,526.22
C0030,2023-05-26,167.22
C0031,2023-02-10,991.13
C0031,2023-03-10,501.36
C0031,2023-04-10,634.96
C0031,2023-05-10,159.06
C0031,2023-06-10,434.65
C0031,2023-07-10,327.26
C0031,2023-08-10,243.04
C0031,2023-09-10,949.87
C0031,2023-10-10,868.79
C0031,2023-11-10,843.33
C0031,2023-12-10,855.95
C0031,2024-01-10,307.05
C0031,2024-02-10,881.25
C0032,2023-04-14,128.17
C0032,2023-05-14,918.57
C0033,2023-08-14,968.07
C0033,2023-09-14,498.07
C0033,2023-10-14,388.67
C0033,2023-11-14,771.25
C0033,2023-12-14,881.31
C0033,2024-01-14,606.48
C0033,2024-02-14,588.91
C0033,2024-03-14,283.33
C0033,2024-04-14,238.29
C0033,2024-05-14,577.32
C0033,2024-06-14,817.12
C0034,2023-12-25,920.65
C0035,2023-08-21,266.91
C0035,2023-09-21,101.11
C0035,2023-10-21,646.58
C0035,2023-11-21,602.57
C0035,2023-12-21,244.74
C0035,2024-01-21,393.33
C0035,2024-02-21,489.92
C0036,2023-02-15,234.62
C0036,2023-03-15,712.41
C0036,2023-04-15,977.23
C0036,2023-05-15,691.29
C0036,2023-06-15,957.38
C0037,2023-08-26,751.86
C0037,2023-09-26,231.33
C0037,2023-10-26,613.81
C0037,2023-11-26,534.12
C0037,2023-12-26,411.41
C0037,2024-01-26,947.11
C0037,2024-02-26,580.82
C0038,2023-12-28,174.26
C0038,2024-01-28,422.02
C0038,2024-02-28,979.72
C0038,2024-03-28,723.87
C0038,2024-04-28,137.07
C0038,2024-05-28,956.39
C0038,2024-06-28,906.6
C0039,2023-09-15,654.94
C0039,2023-10-15,368.95
C0040,2023-01-25,952.62
C0040,2023-02-25,805.08
C0040,2023-03-25,535.96
C0040,2023-04-25,597.7
C0040,2023-05-25,805.45
C0040,2023-06-25,136.68
C0040,2023-07-25,494.75
C0040,2023-08-25,633.95
C0040,2023-09-25,531.35
C0040,2023-10-25,396.12
C0040,2023-11-25,769.85
C0041,2023-09-24,490.29
C0041,2023-10-24,245.51
C0041,2023-11-24,687.94
C0041,2023-12-24,588.23
C0041,2024-01-24,173.37
C0041,2024-02-24,298.51
C0041,2024-03-24,283.22
C0041,2024-04-24,256.77
C0042,2023-12-08,474.32
C0042,2024-01-08,665.89
C0042,2024-02-08,790.95
C0042,2024-03-08,588.97
C0042,2024-04-08,629.25
C0042,2024-05-08,455.96
C0042,2024-06-08,637.95
C0043,2023-11-19,689.51
C0044,2023-08-03,355.47
C0044,2023-09-03,445.46
C0044,2023-10-03,852.4
C0044,2023-11-03,798.4
C0044,2023-12-03,641.67
C0044,2024-01-03,435.56
C0044,2024-02-03,471.73
C0044,2024-03-03,493.45
C0044,2024-04-03,464.52
C0044,2024-05-03,621.47
C0044,2024-06-03,185.74
C0045,2023-01-27,380.93
C0045,2023-02-27,872.19
C0045,2023-03-27,629.57
C0045,2023-04-27,456.99
C0045,2023-05-27,311.21
C0046,2023-10-07,497.82
C0046,2023-11-07,503.9
C0046,2023-12-07,231.18
C0046,2024-01-07,629.1
C0047,2023-09-28,327.28
C0047,2023-10-28,441.42
C0047,2023-11-28,421.06
C0047,2023-12-28,803.61
C0047,2024-01-28,501.73
C0048,2023-09-08,602.33
C0048,2023-10-08,130.77
C0049,2023-02-01,210.67
C0049,2023-03-01,146.53
C0049,2023-04-01,302.23
C0049,2023-05-01,179.7
C0049,2023-06-01,626.2
C0049,2023-07-01,457.64
C0049,2023-08-01,717.37
C0049,2023-09-01,390.82
C0050,2023-07-23,622.1
C0050,2023-08-23,569.56
C0050,2023-09-23,579.02
C0050,2023-10-23,219.44
C0050,2023-11-23,945.84
C0050,2023-12-23,246.14
C0050,2024-01-23,757.75
C0050,2024-02-23,311.11
C0051,2023-08-05,329.78
C0051,2023-09-05,980.77
C0051,2023-10-05,115.76
C0051,2023-11-05,847.79
C0052,2023-12-08,791.67
C0052,2024-01-08,815.96
C0053,2023-11-03,640.55
C0054,2023-03-05,844.15
C0054,2023-04-05,619.47
C0054,2023-05-05,243.36
C0054,2023-06-05,386.3
C0055,2023-03-01,994.0
C0055,2023-04-01,181.43
C0055,2023-05-01,198.2
C0055,2023-06-01,788.67
C0056,2023-10-23,494.36
C0057,2023-07-27,890.1
C0057,2023-08-27,882.01
C0057,2023-09-27,367.18
C0057,2023-10-27,395.54
C0057,2023-11-27,648.85
C0057,2023-12-27,442.38
C0057,2024-01-27,636.84
C0057,2024-02-27,499.98
C0057,2024-03-27,628.36
C0057,2024-04-27,678.32
C0057,2024-05-27,550.4
C0057,2024-06-27,956.33
C0058,2023-10-10,922.81
C0058,2023-11-10,198.03
C0058,2023-12-10,573.96
C0058,2024-01-10,529.03
C0058,2024-02-10,594.47
C0058,2024-03-10,743.94
C0058,2024-04-10,840.15
C0058,2024-05-10,907.04
C0058,2024-06-10,959.19
C0059,2023-03-07,442.07
C0059,2023-04-07,531.26
C0059,2023-05-07,249.7
C0059,2023-06-07,570.78
C0059,2023-07-07,936.65
C0059,2023-08-07,622.84
C0059,2023-09-07,745.87
C0059,2023-10-07,979.05
C0059,2023-11-07,570.23
C0059,2023-12-07,873.47
C0059,2024-01-07,266.13
C0059,2024-02-07,814.07
C0059,2024-03-07,925.98
C0059,2024-04-07,178.34
C0059,2024-05-07,436.16
C0059,2024-06-07,201.07
C0060,2023-04-04,674.19
C0060,2023-05-04,634.18
C0060,2023-06-04,681.95
C0060,2023-07-04,424.7
C0061,2023-05-23,792.95
C0061,2023-06-23,330.08
C0061,2023-07-23,758.76
C0062,2023-11-04,704.28
C0062,2023-12-04,789.99
C0062,2024-01-04,481.55
C0062,2024-02-04,311.71
C0063,2023-07-27,525.6
C0063,2023-08-27,260.6
C0063,2023-09-27,307.22
C0063,2023-10-27,674.16
C0063,2023-11-27,668.81
C0063,2023-12-27,227.6
C0063,2024-01-27,637.34
C0063,2024-02-27,498.45
C0063,2024-03-27,752.07
C0063,2024-04-27,406.98
C0063,2024-05-27,642.9
C0063,2024-06-27,914.97
C0064,2023-06-28,338.41
C0064,2023-07-28,636.18
C0064,2023-08-28,430.26
C0064,2023-09-28,655.44
C0064,2023-10-28,848.68
C0064,2023-11-28,162.94
C0064,2023-12-28,344.03
C0064,2024-01-28,712.12
C0064,2024-02-28,511.17
C0064,2024-03-28,147.1
C0064,2024-04-28,426.65
C0065,2023-10-13,501.72
C0065,2023-11-13,622.43
C0065,2023-12-13,965.5
C0065,2024-01-13,779.35
C0065,2024-02-13,468.53
C0065,2024-03-13,839.63
C0065,2024-04-13,370.77
C0066,2023-09-21,527.4
C0066,2023-10-21,207.85
C0067,2023-12-28,118.02
C0067,2024-01-28,791.74
C0067,2024-02-28,704.4
C0067,2024-03-28,331.34
C0067,2024-04-28,878.22
C0067,2024-05-28,556.15
C0067,2024-06-28,156.8
C0068,2023-12-20,304.62
C0068,2024-01-20,442.82
C0068,2024-02-20,315.15
C0068,2024-03-20,842.76
C0068,2024-04-20,948.15
C0069,2023-11-26,245.59
C0069,2023-12-26,617.13
C0069,2024-01-26,451.94
C0069,2024-02-26,457.46
C0069,2024-03-26,665.16
C0069,2024-04-26,579.23
C0069,2024-05-26,227.15
C0069,2024-06-26,836.86
C0070,2023-12-25,120.6
C0070,2024-01-25,301.25
C0071,2023-01-01,615.74
C0072,2023-11-25,617.65
C0072,2023-12-25,382.35
C0072,2024-01-25,225.28
C0073,2023-09-03,846.4
C0073,2023-10-03,957.52
C0073,2023-11-03,699.68
C0073,2023-12-03,530.41
C0073,2024-01-03,309.3
C0073,2024-02-03,799.05
C0073,2024-03-03,634.86
C0074,2023-06-08,888.49
C0074,2023-07-08,866.3
C0074,2023-08-08,115.92
C0074,2023-09-08,428.32
C0074,2023-10-08,608.0
C0074,2023-11-08,290.58
C0074,2023-12-08,778.83
C0074,2024-01-08,367.62
C0074,2024-02-08,253.6
C0074,2024-03-08,804.43
C0074,2024-04-08,259.99
C0074,2024-05-08,656.25
C0074,2024-06-08,306.01
C0075,2023-09-05,298.72
C0075,2023-10-05,690.15
C0075,2023-11-05,751.89
C0075,2023-12-05,464.32
C0075,2024-01-05,418.81
C0075,2024-02-05,533.47
C0075,2024-03-05,448.37
C0076,2023-03-10,323.72
C0076,2023-04-10,476.72
C0076,2023-05-10,623.93
C0076,2023-06-10,270.73
C0076,2023-07-10,391.15
C0076,2023-08-10,666.37
C0076,2023-09-10,158.16
C0076,2023-10-10,434.27
C0076,2023-11-10,681.48
C0076,2023-12-10,339.42
C0076,2024-01-10,214.48
C0077,2023-08-15,319.13
C0077,2023-09-15,829.62
C0077,2023-10-15,873.61
C0077,2023-11-15,960.6
C0077,2023-12-15,191.93
C0077,2024-01-15,948.55
C0077,2024-02-15,168.78
C0077,2024-03-15,937.29
C0077,2024-04-15,803.05
C0077,2024-05-15,545.91
C0077,2024-06-15,505.11
C0078,2023-06-24,900.45
C0078,2023-07-24,894.21
C0078,2023-08-24,989.45
C0078,2023-09-24,143.05
C0078,2023-10-24,771.59
C0078,2023-11-24,821.92
C0078,2023-12-24,132.01
C0078,2024-01-24,448.84
C0078,2024-02-24,992.43
C0079,2023-04-17,948.08
C0079,2023-05-17,419.36
C0079,2023-06-17,594.65
C0079,2023-07-17,161.84
C0079,2023-08-17,174.36
C0079,2023-09-17,909.01
C0079,2023-10-17,305.06
C0080,2023-01-26,700.62
C0080,2023-02-26,329.87
C0080,2023-03-26,162.33
C0081,2023-12-07,530.43
C0082,2023-03-17,389.99
C0082,2023-04-17,526.9
C0082,2023-05-17,537.41
C0083,2023-01-24,568.69
C0083,2023-02-24,240.97
C0083,2023-03-24,199.73
C0083,2023-04-24,185.51
C0083,2023-05-24,595.08
C0083,2023-06-24,247.32
C0083,2023-07-24,935.49
C0083,2023-08-24,546.44
C0083,2023-09-24,993.17
C0083,2023-10-24,385.23
C0084,2023-11-17,332.59
C0084,2023-12-17,672.46
C0084,2024-01-17,980.56
C0084,2024-02-17,602.03
C0084,2024-03-17,148.47
C0084,2024-04-17,777.87
C0084,2024-05-17,585.6
C0084,2024-06-17,197.15
C0085,2023-02-28,182.68
C0086,2023-07-05,539.55
C0086,2023-08-05,408.15
C0086,2023-09-05,782.37
C0086,2023-10-05,650.75
C0086,2023-11-05,236.41
C0086,2023-12-05,619.46
C0087,2023-01-01,490.42
C0087,2023-02-01,602.24
C0087,2023-03-01,767.54
C0088,2023-02-21,350.11
C0088,2023-03-21,891.83
C0088,2023-04-21,379.84
C0088,2023-05-21,833.61
C0088,2023-06-21,719.1
C0088,2023-07-21,584.83
C0088,2023-08-21,863.24
C0088,2023-09-21,849.41
C0088,2023-10-21,774.59
C0088,2023-11-21,710.54
C0088,2023-12-21,857.77
C0088,2024-01-21,551.85
C0088,2024-02-21,446.84
C0088,2024-03-21,802.36
C0088,2024-04-21,224.04
C0088,2024-05-21,101.69
C0088,2024-06-21,126.16
C0089,2023-10-06,263.19
C0089,2023-11-06,462.09
C0090,2023-07-04,559.1
C0090,2023-08-04,193.72
C0090,2023-09-04,732.65
C0090,2023-10-04,537.94
C0090,2023-11-04,641.93
C0090,2023-12-04,389.9
C0090,2024-01-04,234.1
C0090,2024-02-04,771.33
C0091,2023-11-24,288.86
C0091,2023-12-24,568.27
C0091,2024-01-24,210.14
C0091,2024-02-24,312.27
C0091,2024-03-24,156.29
C0091,2024-04-24,789.93
C0091,2024-05-24,369.5
C0091,2024-06-24,673.8
C0092,2023-01-06,260.43
C0092,2023-02-06,992.01
C0092,2023-03-06,765.99
C0093,2023-05-20,282.64
C0093,2023-06-20,981.68
C0093,2023-07-20,730.23
C0093,2023-08-20,627.83
C0093,2023-09-20,936.66
C0093,2023-10-20,150.52
C0094,2023-06-22,302.99
C0094,2023-07-22,515.56
C0094,2023-08-22,491.66
C0095,2023-01-09,735.42
C0095,2023-02-09,144.86
C0096,2023-11-06,918.45
C0096,2023-12-06,106.33
C0096,2024-01-06,302.7
C0096,2024-02-06,458.95
C0097,2023-03-20,524.85
C0097,2023-04-20,354.47
C0097,2023-05-20,132.66
C0097,2023-06-20,348.05
C0097,2023-07-20,977.35
C0097,2023-08-20,486.0
C0097,2023-09-20,341.33
C0097,2023-10-20,867.78
C0097,2023-11-20,657.73
C0097,2023-12-20,411.33
C0097,2024-01-20,794.67
C0097,2024-02-20,313.11
C0097,2024-03-20,593.49
C0097,2024-04-20,893.92
C0097,2024-05-20,845.08
C0097,2024-06-20,661.98
C0098,2023-11-04,981.6
C0098,2023-12-04,752.64
C0098,2024-01-04,404.44
C0098,2024-02-04,952.33
C0099,2023-10-03,264.71
C0099,2023-11-03,748.01
C0099,2023-12-03,179.96
C0099,2024-01-03,590.59
C0100,2023-03-20,304.67
C0100,2023-04-20,588.29
C0100,2023-05-20,593.95
C0100,2023-06-20,303.53
C0100,2023-07-20,485.77
C0100,2023-08-20,697.77
C0100,2023-09-20,187.81
C0101,2023-07-20,514.15
C0101,2023-08-20,361.53
C0101,2023-09-20,200.74
C0101,2023-10-20,980.26
C0101,2023-11-20,547.53
C0101,2023-12-20,884.92
C0101,2024-01-20,782.58
C0101,2024-02-20,116.15
C0101,2024-03-20,693.67
C0101,2024-04-20,329.94
C0102,2023-01-08,604.16
C0102,2023-02-08,602.18
C0102,2023-03-08,184.74
C0102,2023-04-08,354.19
C0102,2023-05-08,818.51
C0102,2023-06-08,506.53
C0102,2023-07-08,184.07
C0102,2023-08-08,276.05
C0102,2023-09-08,184.63
C0102,2023-10-08,781.73
C0102,2023-11-08,381.11
C0102,2023-12-08,276.26
C0103,2023-07-18,568.17
C0103,2023-08-18,602.04
C0103,2023-09-18,652.13
C0103,2023-10-18,907.47
C0103,2023-11-18,556.35
C0103,2023-12-18,130.05
C0103,2024-01-18,759.37
C0103,2024-02-18,381.85
C0103,2024-03-18,970.98
C0104,2023-01-11,205.88
C0104,2023-02-11,387.7
C0105,2023-09-25,536.82
C0105,2023-10-25,752.67
C0105,2023-11-25,997.37
C0106,2023-07-10,690.52
C0106,2023-08-10,718.17
C0106,2023-09-10,126.43
C0106,2023-10-10,288.78
C0106,2023-11-10,976.11
C0106,2023-12-10,366.84
C0107,2023-07-28,199.67
C0107,2023-08-28,989.26
C0108,2023-10-16,686.5
C0108,2023-11-16,328.89
C0108,2023-12-16,891.84
C0108,2024-01-16,319.91
C0108,2024-02-16,178.46
C0108,2024-03-16,478.11
C0109,2023-04-28,765.7
C0109,2023-05-28,652.4
C0109,2023-06-28,619.52
C0109,2023-07-28,825.58
C0109,2023-08-28,328.58
C0109,2023-09-28,765.37
C0109,2023-10-28,383.43
C0109,2023-11-28,713.5
C0109,2023-12-28,689.75
C0110,2023-02-01,165.4
C0110,2023-03-01,406.34
C0111,2023-12-05,293.98
C0111,2024-01-05,161.65
C0111,2024-02-05,467.48
C0111,2024-03-05,913.25
C0111,2024-04-05,826.66
C0111,2024-05-05,908.96
C0111,2024-06-05,886.8
C0112,2023-11-23,252.17
C0112,2023-12-23,441.55
C0112,2024-01-23,443.45
C0112,2024-02-23,471.49
C0112,2024-03-23,531.16
C0112,2024-04-23,479.3
C0112,2024-05-23,969.62
C0112,2024-06-23,736.92
C0113,2023-09-03,843.44
C0113,2023-10-03,855.51
C0114,2023-03-20,659.21
C0114,2023-04-20,665.41
C0114,2023-05-20,671.58
C0114,2023-06-20,296.6
C0114,2023-07-20,161.51
C0114,2023-08-20,141.51
C0114,2023-09-20,355.45
C0114,2023-10-20,166.82
C0114,2023-11-20,757.22
C0114,2023-12-20,158.04
C0115,2023-06-24,889.54
C0115,2023-07-24,406.37
C0116,2023-08-20,663.56
C0116,2023-09-20,854.34
C0116,2023-10-20,486.26
C0116,2023-11-20,810.24
C0116,2023-12-20,692.94
C0116,2024-01-20,298.2
C0116,2024-02-20,763.81
C0116,2024-03-20,129.38
C0117,2023-01-08,158.22
C0118,2023-06-08,122.63
C0118,2023-07-08,173.99
C0119,2023-03-16,517.99
C0119,2023-04-16,406.73
C0119,2023-05-16,253.52
C0120,2023-09-03,500.72
C0120,2023-10-03,675.65
C0120,2023-11-03,218.52
C0120,2023-12-03,808.08
C0121,2023-02-14,336.41
C0121,2023-03-14,525.61
C0122,2023-02-22,342.06
C0122,2023-03-22,902.33
C0122,2023-04-22,135.79
C0122,2023-05-22,916.64
C0122,2023-06-22,522.68
C0122,2023-07-22,525.67
C0122,2023-08-22,522.77
C0122,2023-09-22,526.86
C0122,2023-10-22,583.31
C0123,2023-09-04,144.55
C0123,2023-10-04,859.53
C0123,2023-11-04,516.57
C0123,2023-12-04,296.66
C0123,2024-01-04,139.95
C0123,2024-02-04,835.01
C0123,2024-03-04,836.39
C0123,2024-04-04,891.88
C0123,2024-05-04,126.7
C0123,2024-06-04,140.37
C0124,2023-04-01,936.48
C0124,2023-05-01,450.89
C0124,2023-06-01,894.03
C0124,2023-07-01,332.36
C0124,2023-08-01,367.05
C0124,2023-09-01,958.63
C0124,2023-10-01,876.59
C0124,2023-11-01,745.81
C0124,2023-12-01,136.5
C0125,2023-05-16,331.02
C0125,2023-06-16,820.32
C0125,2023-07-16,183.06
C0125,2023-08-16,594.63
C0126,2023-08-08,463.82
C0126,2023-09-08,774.87
C0126,2023-10-08,681.49
C0126,2023-11-08,899.24
C0126,2023-12-08,551.94
C0126,2024-01-08,204.16
C0126,2024-02-08,254.66
C0126,2024-03-08,766.88
C0126,2024-04-08,846.12
C0127,2023-03-17,838.01
C0127,2023-04-17,579.24
C0127,2023-05-17,175.95
C0127,2023-06-17,919.12
C0127,2023-07-17,294.45
C0127,2023-08-17,835.05
C0127,2023-09-17,448.65
C0128,2023-01-16,463.51
C0128,2023-02-16,588.28
C0129,2023-11-19,631.26
C0129,2023-12-19,445.82
C0129,2024-01-19,621.34
C0129,2024-02-19,188.99
C0130,2023-07-22,111.08
C0130,2023-08-22,124.68
C0130,2023-09-22,573.23
C0130,2023-10-22,249.07
C0130,2023-11-22,140.3
C0130,2023-12-22,951.98
C0130,2024-01-22,565.52
C0130,2024-02-22,106.04
C0130,2024-03-22,812.55
C0130,2024-04-22,191.13
C0130,2024-05-22,577.98
C0130,2024-06-22,622.2
C0131,2023-06-06,194.73
C0131,2023-07-06,974.82
C0131,2023-08-06,979.71
C0131,2023-09-06,222.21
C0131,2023-10-06,287.98
C0132,2023-03-22,472.74
C0132,2023-04-22,381.89
C0132,2023-05-22,539.07
C0132,2023-06-22,851.93
C0132,2023-07-22,437.32
C0132,2023-08-22,499.71
C0133,2023-11-27,590.84
C0133,2023-12-27,646.19
C0133,2024-01-27,127.84
C0134,2023-05-01,796.19
C0135,2023-01-05,530.09
C0135,2023-02-05,251.5
C0135,2023-03-05,854.69
C0135,2023-04-05,844.13
C0135,2023-05-05,259.45
C0135,2023-06-05,709.65
C0135,2023-07-05,847.62
C0135,2023-08-05,248.72
C0135,2023-09-05,999.74
C0135,2023-10-05,835.08
C0135,2023-11-05,804.15
C0135,2023-12-05,370.44
C0135,2024-01-05,813.27
C0135,2024-02-05,757.74
C0135,2024-03-05,867.3
C0135,2024-04-05,916.25
C0135,2024-05-05,633.71
C0135,2024-06-05,418.11
C0136,2023-03-04,134.18
C0136,2023-04-04,594.39
C0136,2023-05-04,712.68
C0136,2023-06-04,131.02
C0137,2023-01-17,954.2
C0137,2023-02-17,184.31
C0137,2023-03-17,542.74
C0137,2023-04-17,542.28
C0137,2023-05-17,606.44
C0137,2023-06-17,645.18
C0138,2023-12-14,426.04
C0138,2024-01-14,905.01
C0138,2024-02-14,499.11
C0138,2024-03-14,632.27
C0138,2024-04-14,528.84
C0139,2023-06-03,153.52
C0139,2023-07-03,676.18
C0139,2023-08-03,316.34
C0139,2023-09-03,330.44
C0139,2023-10-03,974.38
C0139,2023-11-03,760.63
C0139,2023-12-03,936.33
C0139,2024-01-03,884.84
C0139,2024-02-03,669.29
C0139,2024-03-03,837.82
C0139,2024-04-03,759.75
C0139,2024-05-03,814.05
C0140,2023-09-05,280.59
C0141,2023-01-14,180.83
C0141,2023-02-14,139.75
C0141,2023-03-14,669.62
C0141,2023-04-14,105.1
C0142,2023-03-28,839.73
C0142,2023-04-28,895.98
C0142,2023-05-28,193.96
C0142,2023-06-28,750.83
C0142,2023-07-28,718.67
C0142,2023-08-28,375.52
C0142,2023-09-28,668.88
C0142,2023-10-28,727.98
C0142,2023-11-28,190.85
C0143,2023-04-21,713.57
C0143,2023-05-21,857.87
C0143,2023-06-21,530.43
C0143,2023-07-21,739.1
C0143,2023-08-21,290.0
C0144,2023-07-01,461.18
C0144,2023-08-01,237.1
C0144,2023-09-01,119.82
C0144,2023-10-01,858.01
C0144,2023-11-01,297.35
C0144,2023-12-01,293.17
C0144,2024-01-01,783.65
C0144,2024-02-01,747.81
C0145,2023-03-18,508.55
C0145,2023-04-18,599.19
C0145,2023-05-18,573.65
C0145,2023-06-18,311.19
C0145,2023-07-18,360.97
C0145,2023-08-18,207.96
C0146,2023-10-22,748.59
C0146,2023-11-22,242.76
C0147,2023-03-08,841.4
C0147,2023-04-08,344.39
C0147,2023-05-08,192.47
C0147,2023-06-08,804.71
C0147,2023-07-08,634.14
C0148,2023-08-18,624.94
C0148,2023-09-18,406.33
C0149,2023-06-23,174.44
C0150,2023-11-10,844.04
C0150,2023-12-10,608.49
C0151,2023-10-17,614.63
C0152,2023-01-09,948.69
C0152,2023-02-09,439.58
C0153,2023-06-16,707.63
C0153,2023-07-16,138.06
C0153,2023-08-16,937.15
C0153,2023-09-16,708.26
C0153,2023-10-16,328.81
C0154,2023-10-23,264.53
C0154,2023-11-23,216.64
C0154,2023-12-23,949.58
C0154,2024-01-23,527.87
C0154,2024-02-23,999.52
C0154,2024-03-23,548.71
C0154,2024-04-23,879.24
C0154,2024-05-23,199.88
C0154,2024-06-23,793.7
C0155,2023-03-18,873.06
C0155,2023-04-18,596.86
C0155,2023-05-18,747.69
C0155,2023-06-18,882.79
C0155,2023-07-18,682.94
C0155,2023-08-18,778.62
C0155,2023-09-18,455.26
C0156,2023-08-13,213.15
C0156,2023-09-13,977.13
C0156,2023-10-13,713.97
C0156,2023-11-13,621.26
C0156,2023-12-13,138.71
C0156,2024-01-13,840.98
C0156,2024-02-13,589.43
C0156,2024-03-13,719.24
C0156,2024-04-13,919.96
C0156,2024-05-13,738.44
C0157,2023-10-07,128.28
C0157,2023-11-07,397.22
C0158,2023-04-13,340.01
C0158,2023-05-13,889.88
C0158,2023-06-13,457.88
C0158,2023-07-13,509.43
C0158,2023-08-13,297.82
C0158,2023-09-13,871.42
C0158,2023-10-13,168.75
C0158,2023-11-13,430.96
C0158,2023-12-13,491.96
C0158,2024-01-13,407.62
C0158,2024-02-13,300.94
C0158,2024-03-13,613.58
C0158,2024-04-13,696.71
C0158,2024-05-13,891.33
C0158,2024-06-13,592.27
C0159,2023-01-08,645.53
C0159,2023-02-08,286.39
C0159,2023-03-08,909.51
C0159,2023-04-08,943.64
C0159,2023-05-08,526.06
C0159,2023-06-08,704.48
C0159,2023-07-08,991.19
C0159,2023-08-08,577.66
C0159,2023-09-08,680.13
C0159,2023-10-08,799.24
C0159,2023-11-08,753.06
C0159,2023-12-08,906.47
C0159,2024-01-08,383.63
C0159,2024-02-08,983.49
C0159,2024-03-08,915.78
C0159,2024-04-08,678.54
C0159,2024-05-08,952.66
C0159,2024-06-08,752.48
C0160,2023-12-19,154.57
C0160,2024-01-19,721.09
C0161,2023-12-02,547.58
C0161,2024-01-02,140.11
C0161,2024-02-02,371.73
C0161,2024-03-02,418.84
C0162,2023-07-22,966.08
C0162,2023-08-22,935.79
C0162,2023-09-22,592.17
C0162,2023-10-22,512.74
C0162,2023-11-22,877.57
C0162,2023-12-22,907.91
C0162,2024-01-22,223.3
C0163,2023-09-26,574.51
C0163,2023-10-26,693.2
C0163,2023-11-26,672.88
C0163,2023-12-26,466.01
C0164,2023-06-26,570.29
C0164,2023-07-26,513.07
C0165,2023-06-17,258.49
C0165,2023-07-17,111.73
C0165,2023-08-17,846.45
C0165,2023-09-17,419.54
C0165,2023-10-17,455.69
C0166,2023-10-06,970.35
C0166,2023-11-06,868.8
C0166,2023-12-06,379.0
C0166,2024-01-06,512.41
C0166,2024-02-06,964.15
C0166,2024-03-06,869.69
C0166,2024-04-06,851.87
C0166,2024-05-06,439.29
C0166,2024-06-06,824.28
C0167,2023-06-11,827.27
C0167,2023-07-11,563.22
C0167,2023-08-11,328.44
C0167,2023-09-11,462.49
C0168,2023-05-01,100.4
C0169,2023-05-28,238.43
C0170,2023-12-05,959.36
C0170,2024-01-05,561.45
C0170,2024-02-05,671.9
C0170,2024-03-05,129.36
C0170,2024-04-05,499.93
C0170,2024-05-05,659.84
C0171,2023-04-06,447.69
C0171,2023-05-06,474.04
C0171,2023-06-06,912.01
C0172,2023-04-15,976.94
C0172,2023-05-15,855.83
C0172,2023-06-15,305.82
C0173,2023-07-08,233.36
C0173,2023-08-08,302.4
C0173,2023-09-08,747.24
C0173,2023-10-08,484.75
C0173,2023-11-08,855.69
C0173,2023-12-08,487.09
C0174,2023-02-28,861.26
C0174,2023-03-28,786.8
C0174,2023-04-28,900.0
C0174,2023-05-28,284.01
C0174,2023-06-28,366.13
C0174,2023-07-28,129.53
C0174,2023-08-28,427.92
C0174,2023-09-28,891.55
C0174,2023-10-28,185.55
C0174,2023-11-28,142.88
C0174,2023-12-28,796.52
C0174,2024-01-28,842.31
C0174,2024-02-28,516.96
C0174,2024-03-28,361.03
C0175,2023-03-17,452.64
C0175,2023-04-17,578.82
C0175,2023-05-17,155.2
C0175,2023-06-17,750.82
C0175,2023-07-17,283.22
C0175,2023-08-17,493.73
C0176,2023-03-28,146.71
C0176,2023-04-28,379.08
C0176,2023-05-28,676.57
C0176,2023-06-28,783.16
C0176,2023-07-28,906.44
C0176,2023-08-28,327.53
C0176,2023-09-28,212.82
C0176,2023-10-28,999.59
C0176,2023-11-28,298.44
C0176,2023-12-28,588.22
C0176,2024-01-28,442.62
C0176,2024-02-28,778.45
C0176,2024-03-28,342.12
C0176,2024-04-28,341.96
C0176,2024-05-28,533.68
C0176,2024-06-28,954.29
C0177,2023-07-26,216.95
C0177,2023-08-26,802.66
C0177,2023-09-26,254.88
C0178,2023-10-21,503.93
C0178,2023-11-21,262.18
C0178,2023-12-21,823.17
C0178,2024-01-21,212.61
C0179,2023-07-09,410.14
C0179,2023-08-09,146.71
C0179,2023-09-09,292.05
C0179,2023-10-09,241.59
C0179,2023-11-09,788.25
C0179,2023-12-09,491.79
C0179,2024-01-09,380.79
C0179,2024-02-09,556.01
C0179,2024-03-09,915.91
C0179,2024-04-09,803.95
C0179,2024-05-09,817.79
C0179,2024-06-09,858.95
C0180,2023-05-01,603.08
C0180,2023-06-01,735.57
C0180,2023-07-01,586.66
C0180,2023-08-01,377.95
C0180,2023-09-01,206.64
C0181,2023-10-01,742.97
C0182,2023-02-22,304.05
C0183,2023-09-08,827.91
C0183,2023-10-08,662.53
C0183,2023-11-08,834.77
C0183,2023-12-08,163.8
C0183,2024-01-08,941.77
C0184,2023-05-01,983.72
C0184,2023-06-01,322.76
C0184,2023-07-01,268.22
C0184,2023-08-01,451.61
C0184,2023-09-01,470.49
C0185,2023-07-05,487.49
C0186,2023-07-03,644.95
C0186,2023-08-03,420.27
C0186,2023-09-03,400.12
C0186,2023-10-03,164.9
C0186,2023-11-03,443.3
C0187,2023-10-16,806.38
C0187,2023-11-16,204.57
C0187,2023-12-16,806.74
C0187,2024-01-16,991.33
C0187,2024-02-16,947.15
C0188,2023-05-22,110.33
C0188,2023-06-22,979.39
C0188,2023-07-22,593.01
C0189,2023-12-05,599.95
C0189,2024-01-05,623.96
C0189,2024-02-05,567.73
C0189,2024-03-05,644.93
C0189,2024-04-05,766.15
C0189,2024-05-05,594.65
C0189,2024-06-05,229.55
C0190,2023-01-14,254.9
C0191,2023-04-05,161.5
C0191,2023-05-05,726.22
C0191,2023-06-05,182.89
C0191,2023-07-05,677.47
C0191,2023-08-05,435.93
C0191,2023-09-05,505.62
C0191,2023-10-05,625.2
C0191,2023-11-05,324.57
C0191,2023-12-05,256.67
C0191,2024-01-05,504.18
C0191,2024-02-05,291.78
C0192,2023-10-26,106.01
C0192,2023-11-26,662.68
C0192,2023-12-26,145.44
C0192,2024-01-26,447.05
C0193,2023-05-07,587.79
C0194,2023-01-05,298.44
C0194,2023-02-05,655.52
C0194,2023-03-05,293.2
C0194,2023-04-05,548.24
C0194,2023-05-05,394.34
C0195,2023-10-10,175.87
C0195,2023-11-10,875.19
C0195,2023-12-10,561.45
C0195,2024-01-10,996.64
C0195,2024-02-10,592.19
C0195,2024-03-10,730.78
C0195,2024-04-10,688.59
C0195,2024-05-10,145.02
C0196,2023-05-04,126.55
C0196,2023-06-04,114.23
C0196,2023-07-04,920.05
C0196,2023-08-04,482.29
C0196,2023-09-04,637.39
C0196,2023-10-04,434.98
C0196,2023-11-04,896.47
C0196,2023-12-04,544.15
C0196,2024-01-04,808.09
C0196,2024-02-04,562.25
C0196,2024-03-04,988.89
C0196,2024-04-04,793.67
C0196,2024-05-04,285.6
C0196,2024-06-04,400.25
C0197,2023-04-10,923.73
C0198,2023-03-26,131.51
C0198,2023-04-26,470.21
C0199,2023-01-24,674.16
C0199,2023-02-24,549.49
C0199,2023-03-24,229.95
C0199,2023-04-24,477.45
C0199,2023-05-24,806.59
C0199,2023-06-24,280.99
C0199,2023-07-24,466.87
C0199,2023-08-24,125.48
C0199,2023-09-24,352.93
C0199,2023-10-24,110.34
C0199,2023-11-24,931.62
C0199,2023-12-24,564.78
C0199,2024-01-24,948.28
C0199,2024-02-24,748.51
C0199,2024-03-24,501.58
C0199,2024-04-24,107.17
C0200,2023-04-16,498.98
C0200,2023-05-16,329.39
C0200,2023-06-16,168.97
C0201,2023-07-02,845.31
C0201,2023-08-02,828.39
C0201,2023-09-02,668.99
C0201,2023-10-02,344.35
C0201,2023-11-02,386.75
C0202,2023-12-27,169.88
C0202,2024-01-27,414.0
C0202,2024-02-27,815.04
C0203,2023-08-12,410.3
C0203,2023-09-12,473.06
C0203,2023-10-12,366.35
C0203,2023-11-12,469.98
C0203,2023-12-12,446.32
C0203,2024-01-12,486.65
C0203,2024-02-12,876.68
C0203,2024-03-12,810.49
C0203,2024-04-12,587.23
C0203,2024-05-12,472.78
C0203,2024-06-12,893.5
C0204,2023-03-28,671.18
C0204,2023-04-28,206.57
C0204,2023-05-28,379.9
C0204,2023-06-28,319.36
C0204,2023-07-28,402.11
C0204,2023-08-28,614.72
C0205,2023-01-19,473.26
C0205,2023-02-19,884.32
C0205,2023-03-19,470.68
C0205,2023-04-19,283.3
C0205,2023-05-19,592.02
C0205,2023-06-19,119.93
C0206,2023-05-12,726.96
C0206,2023-06-12,939.81
C0206,2023-07-12,982.39
C0206,2023-08-12,202.86
C0206,2023-09-12,711.01
C0206,2023-10-12,956.3
C0206,2023-11-12,650.2
C0207,2023-01-01,705.92
C0207,2023-02-01,897.06
C0207,2023-03-01,743.18
C0208,2023-10-11,758.18
C0208,2023-11-11,777.37
C0208,2023-12-11,886.75
C0208,2024-01-11,214.65
C0208,2024-02-11,578.42
C0208,2024-03-11,838.54
C0208,2024-04-11,535.91
C0208,2024-05-11,468.77
C0208,2024-06-11,113.96
C0209,2023-12-14,287.16
C0209,2024-01-14,531.33
C0209,2024-02-14,768.77
C0209,2024-03-14,591.03
C0210,2023-03-18,505.43
C0210,2023-04-18,990.3
C0210,2023-05-18,948.29
C0210,2023-06-18,501.75
C0210,2023-07-18,756.31
C0210,2023-08-18,735.97
C0210,2023-09-18,432.53
C0210,2023-10-18,414.95
C0211,2023-07-17,441.3
C0211,2023-08-17,858.09
C0211,2023-09-17,668.79
C0211,2023-10-17,193.31
C0211,2023-11-17,622.91
C0211,2023-12-17,593.23
C0211,2024-01-17,415.18
C0211,2024-02-17,782.65
C0211,2024-03-17,286.52
C0211,2024-04-17,447.96
C0211,2024-05-17,412.27
C0211,2024-06-17,242.81
C0212,2023-08-26,644.87
C0212,2023-09-26,796.87
C0213,2023-10-02,587.48
C0213,2023-11-02,376.21
C0213,2023-12-02,741.5
C0213,2024-01-02,629.65
C0213,2024-02-02,639.79
C0214,2023-09-07,881.78
C0214,2023-10-07,771.18
C0214,2023-11-07,626.2
C0214,2023-12-07,499.47
C0214,2024-01-07,962.65
C0214,2024-02-07,594.41
C0214,2024-03-07,673.09
C0214,2024-04-07,302.54
C0214,2024-05-07,843.33
C0214,2024-06-07,350.61
C0215,2023-10-21,841.39
C0215,2023-11-21,799.11
C0215,2023-12-21,515.37
C0216,2023-11-24,808.04
C0216,2023-12-24,773.05
C0216,2024-01-24,295.51
C0216,2024-02-24,337.6
C0216,2024-03-24,899.62
C0216,2024-04-24,667.04
C0217,2023-09-21,805.4
C0217,2023-10-21,280.96
C0217,2023-11-21,762.61
C0217,2023-12-21,700.09
C0217,2024-01-21,773.2
C0217,2024-02-21,736.15
C0218,2023-09-04,843.99
C0219,2023-05-09,940.21
C0219,2023-06-09,706.83
C0219,2023-07-09,519.24
C0219,2023-08-09,373.63
C0219,2023-09-09,965.04
C0220,2023-03-17,864.26
C0220,2023-04-17,112.33
C0220,2023-05-17,380.98
C0220,2023-06-17,115.43
C0221,2023-04-18,735.54
C0221,2023-05-18,219.38
C0221,2023-06-18,104.81
C0222,2023-07-24,473.33
C0222,2023-08-24,451.53
C0222,2023-09-24,674.49
C0222,2023-10-24,708.51
C0222,2023-11-24,620.96
C0222,2023-12-24,881.57
C0222,2024-01-24,434.34
C0222,2024-02-24,669.77
C0222,2024-03-24,498.75
C0222,2024-04-24,874.94
C0222,2024-05-24,945.94
C0222,2024-06-24,954.28
C0223,2023-05-12,426.19
C0224,2023-07-13,199.06
C0225,2023-09-03,668.48
C0225,2023-10-03,679.83
C0226,2023-01-17,162.82
C0226,2023-02-17,773.01
C0226,2023-03-17,472.44
C0226,2023-04-17,138.11
C0226,2023-05-17,507.62
C0227,2023-04-16,154.54
C0227,2023-05-16,122.47
C0227,2023-06-16,508.22
C0227,2023-07-16,717.13
C0228,2023-06-13,675.13
C0229,2023-03-17,893.45
C0229,2023-04-17,850.41
C0229,2023-05-17,170.7
C0229,2023-06-17,185.42
C0229,2023-07-17,732.38
C0229,2023-08-17,307.72
C0230,2023-12-09,654.68
C0230,2024-01-09,721.61
C0230,2024-02-09,551.42
C0231,2023-12-09,715.11
C0231,2024-01-09,820.07
C0232,2023-12-14,212.7
C0232,2024-01-14,294.6
C0232,2024-02-14,642.74
C0232,2024-03-14,946.7
C0232,2024-04-14,215.14
C0232,2024-05-14,491.85
C0232,2024-06-14,702.38
C0233,2023-04-19,375.45
C0233,2023-05-19,810.47
C0233,2023-06-19,251.31
C0233,2023-07-19,149.7
C0234,2023-05-05,167.34
C0234,2023-06-05,576.89
C0235,2023-12-25,249.42
C0235,2024-01-25,107.84
C0235,2024-02-25,286.55
C0235,2024-03-25,297.74
C0235,2024-04-25,843.96
C0235,2024-05-25,418.33
C0235,2024-06-25,977.84
C0236,2023-11-21,908.41
C0236,2023-12-21,168.83
C0237,2023-05-23,344.23
C0237,2023-06-23,846.38
C0237,2023-07-23,655.5
C0237,2023-08-23,530.65
C0237,2023-09-23,373.26
C0237,2023-10-23,102.83
C0237,2023-11-23,887.87
C0237,2023-12-23,985.81
C0237,2024-01-23,743.67
C0237,2024-02-23,427.43
C0237,2024-03-23,412.36
C0237,2024-04-23,992.6
C0237,2024-05-23,279.32
C0237,2024-06-23,213.72
C0238,2023-09-07,788.64
C0239,2023-05-10,114.24
C0239,2023-06-10,523.78
C0239,2023-07-10,603.62
C0239,2023-08-10,692.27
C0239,2023-09-10,819.75
C0239,2023-10-10,728.68
C0239,2023-11-10,562.47
C0240,2023-07-14,900.9
C0240,2023-08-14,559.13
C0240,2023-09-14,561.61
C0241,2023-10-05,462.5
C0242,2023-07-11,939.09
C0242,2023-08-11,351.47
C0242,2023-09-11,869.23
C0242,2023-10-11,868.83
C0242,2023-11-11,465.9
C0243,2023-02-15,643.47
C0243,2023-03-15,602.89
C0243,2023-04-15,807.08
C0243,2023-05-15,945.01
C0244,2023-09-10,403.73
C0244,2023-10-10,615.9
C0244,2023-11-10,989.67
C0244,2023-12-10,327.38
C0244,2024-01-10,569.76
C0244,2024-02-10,776.51
C0244,2024-03-10,640.25
C0244,2024-04-10,438.88
C0244,2024-05-10,338.83
C0244,2024-06-10,279.55
C0245,2023-12-17,313.38
C0246,2023-06-07,950.2
C0246,2023-07-07,932.07
C0246,2023-08-07,630.95
C0246,2023-09-07,795.26
C0246,2023-10-07,653.73
C0246,2023-11-07,561.63
C0246,2023-12-07,941.65
C0246,2024-01-07,737.31
C0246,2024-02-07,706.96
C0246,2024-03-07,140.91
C0246,2024-04-07,304.07
C0246,2024-05-07,521.5
C0246,2024-06-07,211.06
C0247,2023-08-10,350.62
C0248,2023-02-27,935.55
C0249,2023-02-05,816.41
C0249,2023-03-05,293.95
C0249,2023-04-05,519.11
C0249,2023-05-05,923.47
C0249,2023-06-05,930.13
C0249,2023-07-05,649.69
C0249,2023-08-05,149.97
C0249,2023-09-05,686.36
C0249,2023-10-05,600.81
C0250,2023-05-06,851.56
C0251,2023-08-16,429.3
C0251,2023-09-16,774.48
C0251,2023-10-16,178.79
C0251,2023-11-16,476.72
C0251,2023-12-16,398.99
C0251,2024-01-16,137.35
C0251,2024-02-16,637.56
C0251,2024-03-16,273.08
C0251,2024-04-16,657.65
C0251,2024-05-16,555.7
C0251,2024-06-16,921.64
C0252,2023-01-22,510.06
C0252,2023-02-22,588.72
C0252,2023-03-22,492.08
C0252,2023-04-22,350.32
C0252,2023-05-22,381.85
C0252,2023-06-22,180.09
C0253,2023-01-07,586.9
C0254,2023-04-04,945.1
C0254,2023-05-04,278.64
C0254,2023-06-04,315.99
C0254,2023-07-04,345.65
C0254,2023-08-04,503.9
C0255,2023-12-19,270.45
C0255,2024-01-19,154.09
C0256,2023-12-22,682.76
C0256,2024-01-22,259.47
C0256,2024-02-22,203.32
C0257,2023-11-10,805.79
C0257,2023-12-10,878.47
C0257,2024-01-10,745.41
C0258,2023-03-07,421.09
C0258,2023-04-07,365.57
C0258,2023-05-07,196.35
C0258,2023-06-07,756.74
C0259,2023-03-13,643.42
C0260,2023-02-28,840.25
C0260,2023-03-28,537.24
C0260,2023-04-28,713.94
C0261,2023-10-20,223.38
C0261,2023-11-20,669.01
C0261,2023-12-20,451.11
C0261,2024-01-20,140.72
C0261,2024-02-20,113.66
C0261,2024-03-20,195.27
C0262,2023-08-09,570.83
C0262,2023-09-09,469.77
C0262,2023-10-09,948.39
C0262,2023-11-09,328.54
C0262,2023-12-09,188.86
C0262,2024-01-09,425.39
C0262,2024-02-09,626.57
C0262,2024-03-09,906.13
C0262,2024-04-09,729.73
C0262,2024-05-09,877.12
C0262,2024-06-09,885.8
C0263,2023-01-03,773.34
C0263,2023-02-03,321.62
C0263,2023-03-03,814.21
C0263,2023-04-03,803.85
C0263,2023-05-03,229.88
C0263,2023-06-03,124.53
C0263,2023-07-03,296.43
C0264,2023-12-25,616.99
C0264,2024-01-25,719.89
C0265,2023-12-17,770.66
C0265,2024-01-17,906.3
C0265,2024-02-17,242.47
C0265,2024-03-17,601.58
C0265,2024-04-17,851.13
C0265,2024-05-17,921.6
C0265,2024-06-17,264.41
C0266,2023-08-01,618.83
C0266,2023-09-01,803.36
C0266,2023-10-01,283.82
C0266,2023-11-01,711.28
C0266,2023-12-01,478.69
C0266,2024-01-01,943.4
C0266,2024-02-01,324.79
C0266,2024-03-01,657.32
C0266,2024-04-01,935.29
C0266,2024-05-01,301.58
C0266,2024-06-01,561.07
C0267,2023-05-06,139.64
C0267,2023-06-06,683.41
C0267,2023-07-06,713.22
C0268,2023-12-13,142.11
C0268,2024-01-13,494.36
C0269,2023-05-16,966.04
C0269,2023-06-16,775.03
C0269,2023-07-16,584.0
C0269,2023-08-16,295.26
C0269,2023-09-16,600.7
C0269,2023-10-16,916.52
C0269,2023-11-16,298.08
C0269,2023-12-16,739.1
C0269,2024-01-16,385.93
C0270,2023-05-11,336.11
C0270,2023-06-11,852.85
C0270,2023-07-11,518.15
C0270,2023-08-11,384.93
C0270,2023-09-11,182.24
C0270,2023-10-11,138.75
C0270,2023-11-11,458.41
C0270,2023-12-11,904.24
C0270,2024-01-11,107.25
C0271,2023-05-04,313.43
C0271,2023-06-04,791.32
C0271,2023-07-04,490.39
C0271,2023-08-04,592.72
C0271,2023-09-04,911.42
C0271,2023-10-04,895.92
C0271,2023-11-04,845.64
C0271,2023-12-04,727.03
C0271,2024-01-04,310.51
C0271,2024-02-04,871.47
C0271,2024-03-04,496.52
C0271,2024-04-04,444.03
C0271,2024-05-04,508.96
C0271,2024-06-04,997.86
C0272,2023-03-20,513.69
C0272,2023-04-20,374.04
C0272,2023-05-20,159.12
C0273,2023-02-15,477.86
C0273,2023-03-15,925.25
C0273,2023-04-15,217.45
C0273,2023-05-15,498.03
C0273,2023-06-15,751.81
C0273,2023-07-15,406.49
C0273,2023-08-15,147.15
C0273,2023-09-15,402.06
C0273,2023-10-15,311.49
C0273,2023-11-15,953.43
C0273,2023-12-15,338.06
C0273,2024-01-15,349.95
C0273,2024-02-15,934.22
C0273,2024-03-15,478.0
C0273,2024-04-15,872.16
C0273,2024-05-15,952.08
C0273,2024-06-15,382.34
C0274,2023-01-14,727.94
C0274,2023-02-14,609.59
C0274,2023-03-14,155.7
C0274,2023-04-14,609.46
C0274,2023-05-14,218.77
C0274,2023-06-14,275.0
C0274,2023-07-14,469.45
C0274,2023-08-14,299.6
C0274,2023-09-14,333.45
C0274,2023-10-14,180.92
C0274,2023-11-14,145.5
C0274,2023-12-14,358.59
C0274,2024-01-14,398.8
C0274,2024-02-14,883.57
C0274,2024-03-14,754.78
C0274,2024-04-14,724.43
C0274,2024-05-14,294.63
C0274,2024-06-14,366.75
C0275,2023-01-21,592.67
C0275,2023-02-21,411.9
C0275,2023-03-21,213.01
C0275,2023-04-21,844.62
C0275,2023-05-21,403.78
C0275,2023-06-21,321.87
C0276,2023-06-03,410.34
C0276,2023-07-03,380.72
C0276,2023-08-03,200.02
C0276,2023-09-03,887.61
C0276,2023-10-03,227.0
C0276,2023-11-03,195.03
C0276,2023-12-03,690.75
C0276,2024-01-03,173.82
C0276,2024-02-03,990.78
C0276,2024-03-03,500.08
C0276,2024-04-03,205.55
C0276,2024-05-03,416.62
C0276,2024-06-03,556.37
C0277,2023-07-25,986.66
C0277,2023-08-25,490.93
C0277,2023-09-25,656.89
C0277,2023-10-25,550.64
C0277,2023-11-25,121.18
C0277,2023-12-25,351.04
C0277,2024-01-25,189.59
C0277,2024-02-25,571.24
C0277,2024-03-25,523.86
C0277,2024-04-25,275.51
C0277,2024-05-25,802.83
C0277,2024-06-25,642.22
C0278,2023-12-10,154.91
C0278,2024-01-10,183.94
C0279,2023-08-06,221.57
C0279,2023-09-06,900.62
C0280,2023-08-28,789.25
C0280,2023-09-28,101.21
C0280,2023-10-28,229.06
C0280,2023-11-28,517.66
C0281,2023-08-26,391.44
C0281,2023-09-26,687.01
C0281,2023-10-26,685.38
C0281,2023-11-26,209.81
C0281,2023-12-26,202.1
C0282,2023-04-26,265.11
C0282,2023-05-26,470.24
C0282,2023-06-26,125.06
C0282,2023-07-26,826.08
C0282,2023-08-26,534.44
C0282,2023-09-26,705.56
C0282,2023-10-26,543.34
C0282,2023-11-26,824.97
C0282,2023-12-26,825.38
C0282,2024-01-26,249.31
C0282,2024-02-26,426.48
C0282,2024-03-26,855.84
C0282,2024-04-26,820.19
C0283,2023-10-28,235.62
C0284,2023-12-28,992.31
C0284,2024-01-28,806.29
C0285,2023-09-04,644.93
C0285,2023-10-04,853.78
C0285,2023-11-04,623.08
C0285,2023-12-04,780.7
C0285,2024-01-04,931.86
C0285,2024-02-04,215.0
C0285,2024-03-04,138.22
C0285,2024-04-04,912.43
C0285,2024-05-04,214.63
C0285,2024-06-04,832.09
C0286,2023-11-22,514.6
C0286,2023-12-22,386.44
C0287,2023-01-09,680.41
C0287,2023-02-09,368.9
C0288,2023-05-20,112.27
C0288,2023-06-20,598.92
C0288,2023-07-20,182.89
C0288,2023-08-20,904.96
C0288,2023-09-20,908.91
C0288,2023-10-20,831.03
C0288,2023-11-20,699.64
C0289,2023-12-16,303.15
C0289,2024-01-16,532.04
C0289,2024-02-16,172.93
C0289,2024-03-16,979.11
C0289,2024-04-16,178.88
C0289,2024-05-16,902.19
C0289,2024-06-16,388.02
C0290,2023-03-06,386.47
C0290,2023-04-06,873.6
C0290,2023-05-06,725.19
C0290,2023-06-06,764.66
C0290,2023-07-06,207.61
C0290,2023-08-06,331.07
C0290,2023-09-06,483.34
C0291,2023-03-05,183.25
C0291,2023-04-05,706.33
C0291,2023-05-05,376.78
C0291,2023-06-05,816.86
C0291,2023-07-05,303.43
C0291,2023-08-05,571.21
C0291,2023-09-05,368.27
C0291,2023-10-05,794.36
C0291,2023-11-05,849.18
C0292,2023-09-02,526.75
C0292,2023-10-02,143.28
C0292,2023-11-02,939.29
C0292,2023-12-02,344.61
C0292,2024-01-02,638.74
C0292,2024-02-02,238.53
C0293,2023-08-18,590.3
C0293,2023-09-18,904.27
C0293,2023-10-18,916.96
C0294,2023-05-23,730.39
C0294,2023-06-23,403.57
C0295,2023-01-22,576.74
C0295,2023-02-22,931.7
C0296,2023-02-15,849.88
C0296,2023-03-15,969.89
C0296,2023-04-15,937.58
C0296,2023-05-15,376.52
C0296,2023-06-15,595.42
C0296,2023-07-15,386.18
C0296,2023-08-15,411.06
C0296,2023-09-15,520.06
C0296,2023-10-15,249.45
C0296,2023-11-15,549.37
C0296,2023-12-15,202.73
C0297,2023-11-21,885.39
C0297,2023-12-21,987.22
C0297,2024-01-21,652.58
C0297,2024-02-21,511.7
C0297,2024-03-21,509.84
C0297,2024-04-21,757.44
C0297,2024-05-21,277.88
C0297,2024-06-21,336.22
C0298,2023-09-22,200.09
C0299,2023-11-17,367.63
C0299,2023-12-17,708.06
C0299,2024-01-17,657.97
C0299,2024-02-17,293.42
C0299,2024-03-17,427.28
C0299,2024-04-17,204.83
C0299,2024-05-17,365.92
C0299,2024-06-17,710.55
C0300,2023-01-02,233.52
C0300,2023-02-02,890.89
C0300,2023-03-02,882.94
C0300,2023-04-02,652.96
C0300,2023-05-02,387.21
C0300,2023-06-02,552.24
C0300,2023-07-02,383.51
C0300,2023-08-02,924.21
C0300,2023-09-02,376.28
C0300,2023-10-02,710.64
C0300,2023-11-02,988.97
C0300,2023-12-02,454.72
C0300,2024-01-02,821.52
C0300,2024-02-02,480.39
C0301,2023-03-01,109.44
C0302,2023-07-06,234.23
C0302,2023-08-06,656.14
C0302,2023-09-06,886.49
C0302,2023-10-06,304.02
C0302,2023-11-06,416.39
C0302,2023-12-06,121.7
C0302,2024-01-06,214.39
C0302,2024-02-06,513.4
C0302,2024-03-06,914.98
C0302,2024-04-06,277.2
C0302,2024-05-06,279.47
C0302,2024-06-06,553.19
C0303,2023-01-05,296.36
C0304,2023-05-06,519.5
C0304,2023-06-06,113.11
C0304,2023-07-06,879.66
C0304,2023-08-06,473.61
C0304,2023-09-06,530.5
C0304,2023-10-06,837.65
C0304,2023-11-06,808.97
C0304,2023-12-06,853.51
C0304,2024-01-06,436.43
C0304,2024-02-06,111.11
C0304,2024-03-06,768.06
C0304,2024-04-06,638.21
C0304,2024-05-06,869.33
C0305,2023-05-23,895.21
C0305,2023-06-23,274.75
C0305,2023-07-23,106.6
C0305,2023-08-23,597.96
C0305,2023-09-23,995.12
C0305,2023-10-23,332.29
C0305,2023-11-23,925.79
C0305,2023-12-23,840.11
C0306,2023-05-05,572.41
C0306,2023-06-05,397.35
C0306,2023-07-05,508.85
C0306,2023-08-05,943.24
C0307,2023-10-19,816.84
C0307,2023-11-19,712.5
C0307,2023-12-19,153.2
C0307,2024-01-19,755.91
C0307,2024-02-19,935.25
C0307,2024-03-19,357.31
C0307,2024-04-19,252.89
C0307,2024-05-19,398.03
C0307,2024-06-19,472.31
C0308,2023-05-14,621.66
C0308,2023-06-14,989.69
C0308,2023-07-14,971.02
C0308,2023-08-14,966.84
C0308,2023-09-14,541.37
C0308,2023-10-14,145.88
C0308,2023-11-14,287.01
C0308,2023-12-14,201.13
C0308,2024-01-14,803.47
C0308,2024-02-14,664.97
C0308,2024-03-14,859.38
C0308,2024-04-14,718.57
C0309,2023-01-19,757.22
C0309,2023-02-19,667.65
C0309,2023-03-19,651.05
C0309,2023-04-19,275.3
C0309,2023-05-19,345.39
C0309,2023-06-19,434.91
C0309,2023-07-19,161.18
C0309,2023-08-19,961.48
C0310,2023-04-01,687.05
C0310,2023-05-01,708.19
C0310,2023-06-01,611.7
C0310,2023-07-01,669.52
C0310,2023-08-01,994.67
C0310,2023-09-01,757.16
C0310,2023-10-01,490.65
C0310,2023-11-01,468.18
C0310,2023-12-01,372.55
C0310,2024-01-01,730.65
C0310,2024-02-01,944.8
C0310,2024-03-01,319.42
C0310,2024-04-01,278.93
C0310,2024-05-01,302.14
C0310,2024-06-01,844.75
C0311,2023-08-02,525.72
C0311,2023-09-02,729.41
C0311,2023-10-02,770.26
C0311,2023-11-02,276.18
C0311,2023-12-02,217.45
C0311,2024-01-02,385.57
C0312,2023-08-07,154.84
C0312,2023-09-07,264.48
C0312,2023-10-07,473.96
C0313,2023-10-02,318.32
C0313,2023-11-02,386.82
C0313,2023-12-02,215.74
C0313,2024-01-02,154.81
C0313,2024-02-02,742.97
C0313,2024-03-02,212.84
C0313,2024-04-02,677.88
C0313,2024-05-02,545.07
C0313,2024-06-02,629.28
C0314,2023-06-03,664.27
C0314,2023-07-03,650.48
C0314,2023-08-03,330.17
C0314,2023-09-03,248.16
C0314,2023-10-03,811.62
C0314,2023-11-03,492.4
C0314,2023-12-03,630.69
C0314,2024-01-03,848.39
C0314,2024-02-03,750.76
C0314,2024-03-03,743.41
C0314,2024-04-03,113.15
C0314,2024-05-03,644.36
C0314,2024-06-03,877.13
C0315,2023-02-12,364.18
C0315,2023-03-12,399.5
C0315,2023-04-12,736.31
C0315,2023-05-12,826.95
C0316,2023-06-12,834.47
C0316,2023-07-12,762.33
C0316,2023-08-12,219.64
C0316,2023-09-12,387.77
C0316,2023-10-12,223.87
C0316,2023-11-12,912.9
C0316,2023-12-12,288.51
C0316,2024-01-12,420.91
C0317,2023-11-25,136.26
C0317,2023-12-25,712.43
C0318,2023-07-15,658.33
C0318,2023-08-15,175.35
C0318,2023-09-15,436.55
C0319,2023-05-14,236.23
C0319,2023-06-14,395.7
C0319,2023-07-14,264.21
C0320,2023-11-19,485.37
C0320,2023-12-19,753.5
C0320,2024-01-19,232.5
C0320,2024-02-19,381.94
C0320,2024-03-19,458.45
C0320,2024-04-19,571.07
C0321,2023-06-28,830.87
C0321,2023-07-28,815.55
C0321,2023-08-28,788.67
C0321,2023-09-28,691.94
C0321,2023-10-28,123.01
C0321,2023-11-28,912.92
C0321,2023-12-28,831.15
C0321,2024-01-28,639.97
C0321,2024-02-28,591.33
C0322,2023-06-18,884.18
C0322,2023-07-18,346.33
C0323,2023-02-15,187.76
C0324,2023-03-02,395.34
C0324,2023-04-02,702.42
C0324,2023-05-02,319.21
C0324,2023-06-02,157.32
C0324,2023-07-02,104.63
C0324,2023-08-02,175.83
C0324,2023-09-02,312.06
C0325,2023-09-06,884.13
C0325,2023-10-06,804.89
C0325,2023-11-06,987.91
C0325,2023-12-06,173.77
C0325,2024-01-06,662.48
C0325,2024-02-06,376.43
C0326,2023-08-15,963.52
C0326,2023-09-15,179.34
C0326,2023-10-15,838.5
C0326,2023-11-15,672.44
C0326,2023-12-15,620.05
C0326,2024-01-15,529.48
C0326,2024-02-15,983.12
C0327,2023-07-10,940.48
C0327,2023-08-10,521.91
C0327,2023-09-10,929.97
C0327,2023-10-10,373.82
C0327,2023-11-10,650.81
C0327,2023-12-10,393.5
C0327,2024-01-10,414.82
C0328,2023-01-05,309.77
C0328,2023-02-05,666.67
C0329,2023-04-10,219.06
C0330,2023-01-10,624.37
C0331,2023-12-20,920.36
C0331,2024-01-20,150.55
C0331,2024-02-20,574.81
C0331,2024-03-20,250.71
C0331,2024-04-20,129.94
C0331,2024-05-20,474.28
C0331,2024-06-20,457.08
C0332,2023-05-02,506.14
C0333,2023-05-02,577.06
C0333,2023-06-02,469.64
C0333,2023-07-02,905.55
C0334,2023-11-11,706.19
C0334,2023-12-11,349.18
C0334,2024-01-11,937.74
C0334,2024-02-11,771.73
C0334,2024-03-11,861.09
C0334,2024-04-11,101.48
C0334,2024-05-11,613.69
C0334,2024-06-11,875.87
C0335,2023-11-19,598.44
C0335,2023-12-19,353.25
C0335,2024-01-19,777.56
C0335,2024-02-19,888.57
C0335,2024-03-19,308.66
C0335,2024-04-19,376.93
C0335,2024-05-19,165.7
C0335,2024-06-19,739.9
C0336,2023-09-23,774.44
C0337,2023-11-22,197.23
C0337,2023-12-22,775.23
C0337,2024-01-22,662.2
C0337,2024-02-22,506.98
C0337,2024-03-22,717.86
C0337,2024-04-22,889.71
C0337,2024-05-22,704.43
C0337,2024-06-22,581.47
C0338,2023-08-04,827.26
C0338,2023-09-04,606.19
C0338,2023-10-04,804.25
C0339,2023-04-24,458.78
C0340,2023-03-03,340.37
C0340,2023-04-03,872.89
C0340,2023-05-03,958.64
C0340,2023-06-03,116.45
C0341,2023-02-26,161.78
C0342,2023-03-21,956.26
C0342,2023-04-21,583.83
C0342,2023-05-21,485.34
C0342,2023-06-21,301.53
C0342,2023-07-21,494.78
C0343,2023-02-28,827.08
C0343,2023-03-28,583.34
C0343,2023-04-28,405.39
C0343,2023-05-28,994.41
C0343,2023-06-28,706.62
C0343,2023-07-28,924.23
C0343,2023-08-28,355.25
C0343,2023-09-28,118.68
C0343,2023-10-28,138.47
C0344,2023-06-21,206.79
C0344,2023-07-21,528.87
C0344,2023-08-21,225.1
C0344,2023-09-21,534.57
C0344,2023-10-21,204.0
C0344,2023-11-21,552.22
C0344,2023-12-21,822.68
C0345,2023-01-05,645.33
C0345,2023-02-05,890.57
C0346,2023-12-26,779.08
C0346,2024-01-26,633.0
C0346,2024-02-26,274.85
C0346,2024-03-26,846.84
C0346,2024-04-26,470.08
C0346,2024-05-26,206.4
C0346,2024-06-26,813.82
C0347,2023-02-17,267.37
C0348,2023-10-13,288.91
C0348,2023-11-13,972.65
C0348,2023-12-13,729.64
C0349,2023-09-26,204.24
C0349,2023-10-26,553.32
C0349,2023-11-26,557.33
C0349,2023-12-26,529.97
C0349,2024-01-26,791.17
C0349,2024-02-26,669.94
C0349,2024-03-26,578.0
C0349,2024-04-26,843.35
C0349,2024-05-26,931.67
C0349,2024-06-26,605.68
C0350,2023-09-22,933.68
C0350,2023-10-22,842.33
C0350,2023-11-22,596.74
C0350,2023-12-22,483.4
C0351,2023-08-11,691.99
C0351,2023-09-11,939.66
C0351,2023-10-11,573.47
C0351,2023-11-11,741.4
C0351,2023-12-11,524.18
C0351,2024-01-11,440.4
C0351,2024-02-11,471.8
C0351,2024-03-11,471.13
C0351,2024-04-11,618.21
C0352,2023-01-26,752.76
C0352,2023-02-26,178.36
C0352,2023-03-26,590.94
C0352,2023-04-26,589.58
C0352,2023-05-26,864.03
C0352,2023-06-26,321.0
C0352,2023-07-26,408.56
C0352,2023-08-26,613.37
C0352,2023-09-26,743.23
C0352,2023-10-26,499.39
C0352,2023-11-26,172.86
C0353,2023-01-08,755.98
C0353,2023-02-08,639.44
C0353,2023-03-08,901.21
C0353,2023-04-08,103.45
C0353,2023-05-08,624.82
C0353,2023-06-08,149.06
C0353,2023-07-08,549.28
C0353,2023-08-08,885.36
C0353,2023-09-08,538.65
C0353,2023-10-08,335.58
C0353,2023-11-08,846.45
C0353,2023-12-08,925.5
C0353,2024-01-08,369.31
C0353,2024-02-08,380.97
C0353,2024-03-08,816.67
C0353,2024-04-08,987.19
C0353,2024-05-08,641.25
C0353,2024-06-08,590.14
C0354,2023-03-20,770.34
C0354,2023-04-20,118.02
C0354,2023-05-20,448.72
C0354,2023-06-20,517.78
C0354,2023-07-20,532.26
C0354,2023-08-20,297.21
C0354,2023-09-20,636.79
C0354,2023-10-20,124.18
C0354,2023-11-20,195.51
C0354,2023-12-20,456.2
C0354,2024-01-20,825.04
C0354,2024-02-20,965.89
C0354,2024-03-20,656.46
C0354,2024-04-20,700.06
C0354,2024-05-20,485.89
C0354,2024-06-20,119.88
C0355,2023-08-22,400.29
C0355,2023-09-22,224.53
C0355,2023-10-22,871.27
C0356,2023-10-28,543.13
C0356,2023-11-28,870.0
C0356,2023-12-28,378.47
C0357,2023-08-02,564.11
C0357,2023-09-02,260.57
C0357,2023-10-02,857.9
C0357,2023-11-02,393.24
C0357,2023-12-02,599.95
C0357,2024-01-02,286.29
C0358,2023-10-14,175.84
C0358,2023-11-14,712.35
C0358,2023-12-14,844.91
C0358,2024-01-14,810.12
C0358,2024-02-14,226.49
C0358,2024-03-14,566.27
C0358,2024-04-14,852.88
C0358,2024-05-14,935.74
C0358,2024-06-14,375.64
C0359,2023-08-19,726.57
C0359,2023-09-19,183.44
C0359,2023-10-19,839.48
C0359,2023-11-19,812.7
C0359,2023-12-19,534.05
C0359,2024-01-19,257.13
C0359,2024-02-19,740.6
C0360,2023-03-15,624.42
C0360,2023-04-15,209.27
C0360,2023-05-15,265.41
C0360,2023-06-15,538.49
C0360,2023-07-15,323.94
C0360,2023-08-15,351.67
C0360,2023-09-15,755.21
C0360,2023-10-15,331.73
C0360,2023-11-15,447.0
C0360,2023-12-15,870.4
C0360,2024-01-15,824.61
C0360,2024-02-15,162.75
C0361,2023-11-15,449.05
C0361,2023-12-15,752.23
C0361,2024-01-15,876.24
C0361,2024-02-15,866.99
C0361,2024-03-15,144.7
C0361,2024-04-15,156.8
C0361,2024-05-15,705.48
C0361,2024-06-15,261.64
C0362,2023-02-26,511.82
C0362,2023-03-26,804.7
C0362,2023-04-26,511.14
C0362,2023-05-26,202.81
C0362,2023-06-26,845.18
C0362,2023-07-26,983.06
C0362,2023-08-26,812.74
C0362,2023-09-26,482.46
C0362,2023-10-26,747.17
C0362,2023-11-26,949.4
C0362,2023-12-26,190.51
C0362,2024-01-26,655.04
C0363,2023-03-19,411.58
C0363,2023-04-19,415.18
C0363,2023-05-19,896.33
C0363,2023-06-19,463.82
C0364,2023-09-23,881.7
C0364,2023-10-23,564.96
C0364,2023-11-23,565.49
C0364,2023-12-23,716.66
C0364,2024-01-23,281.32
C0364,2024-02-23,252.78
C0364,2024-03-23,477.22
C0364,2024-04-23,254.72
C0364,2024-05-23,248.14
C0364,2024-06-23,385.65
C0365,2023-12-10,563.77
C0365,2024-01-10,776.59
C0366,2023-09-17,769.09
C0366,2023-10-17,874.6
C0366,2023-11-17,109.5
C0366,2023-12-17,865.86
C0366,2024-01-17,131.69
C0366,2024-02-17,821.83
C0366,2024-03-17,583.61
C0366,2024-04-17,747.31
C0366,2024-05-17,384.59
C0366,2024-06-17,528.69
C0367,2023-06-26,462.14
C0367,2023-07-26,662.93
C0367,2023-08-26,435.7
C0367,2023-09-26,726.22
C0368,2023-12-25,995.96
C0368,2024-01-25,327.28
C0368,2024-02-25,862.54
C0368,2024-03-25,956.89
C0368,2024-04-25,987.22
C0368,2024-05-25,827.71
C0368,2024-06-25,107.9
C0369,2023-04-25,371.63
C0369,2023-05-25,554.83
C0369,2023-06-25,671.1
C0369,2023-07-25,208.67
C0370,2023-10-03,268.24
C0370,2023-11-03,539.31
C0370,2023-12-03,189.31
C0370,2024-01-03,665.65
C0370,2024-02-03,664.72
C0371,2023-02-15,997.77
C0371,2023-03-15,312.03
C0371,2023-04-15,459.21
C0371,2023-05-15,283.14
C0372,2023-06-02,926.67
C0372,2023-07-02,404.93
C0372,2023-08-02,315.11
C0372,2023-09-02,676.34
C0373,2023-08-08,766.78
C0373,2023-09-08,688.23
C0373,2023-10-08,633.75
C0373,2023-11-08,220.01
C0373,2023-12-08,362.52
C0374,2023-12-19,307.35
C0374,2024-01-19,432.42
C0374,2024-02-19,206.41
C0375,2023-09-05,879.01
C0375,2023-10-05,706.63
C0375,2023-11-05,405.05
C0375,2023-12-05,169.73
C0375,2024-01-05,626.77
C0375,2024-02-05,940.58
C0375,2024-03-05,817.65
C0375,2024-04-05,775.3
C0375,2024-05-05,563.04
C0376,2023-04-26,520.19
C0376,2023-05-26,582.54
C0376,2023-06-26,499.21
C0377,2023-02-27,365.45
C0377,2023-03-27,781.23
C0377,2023-04-27,877.28
C0378,2023-11-13,484.17
C0378,2023-12-13,127.37
C0378,2024-01-13,886.61
C0378,2024-02-13,242.6
C0378,2024-03-13,840.43
C0378,2024-04-13,461.53
C0378,2024-05-13,855.51
C0378,2024-06-13,653.56
C0379,2023-05-25,561.87
C0379,2023-06-25,975.93
C0379,2023-07-25,108.59
C0379,2023-08-25,438.27
C0379,2023-09-25,106.43
C0379,2023-10-25,396.31
C0379,2023-11-25,505.21
C0379,2023-12-25,416.7
C0379,2024-01-25,569.4
C0379,2024-02-25,965.27
C0379,2024-03-25,789.28
C0379,2024-04-25,142.35
C0379,2024-05-25,269.91
C0379,2024-06-25,942.24
C0380,2023-05-22,361.23
C0380,2023-06-22,200.74
C0380,2023-07-22,611.59
C0380,2023-08-22,988.02
C0380,2023-09-22,558.69
C0381,2023-06-06,806.67
C0381,2023-07-06,950.83
C0381,2023-08-06,937.9
C0381,2023-09-06,592.57
C0382,2023-04-11,336.45
C0382,2023-05-11,391.9
C0383,2023-08-23,841.28
C0383,2023-09-23,628.86
C0383,2023-10-23,453.04
C0383,2023-11-23,757.0
C0383,2023-12-23,157.51
C0383,2024-01-23,203.83
C0384,2023-07-03,525.0
C0384,2023-08-03,453.62
C0384,2023-09-03,412.47
C0384,2023-10-03,662.69
C0385,2023-08-05,711.73
C0385,2023-09-05,649.18
C0386,2023-08-06,809.38
C0386,2023-09-06,580.73
C0386,2023-10-06,773.83
C0386,2023-11-06,880.46
C0387,2023-04-28,313.04
C0388,2023-04-15,187.28
C0388,2023-05-15,216.3
C0388,2023-06-15,860.51
C0388,2023-07-15,344.5
C0388,2023-08-15,365.88
C0388,2023-09-15,701.2
C0388,2023-10-15,866.66
C0388,2023-11-15,112.3
C0389,2023-06-17,126.05
C0389,2023-07-17,129.15
C0389,2023-08-17,562.48
C0389,2023-09-17,404.18
C0389,2023-10-17,268.75
C0389,2023-11-17,312.4
C0389,2023-12-17,266.87
C0389,2024-01-17,561.58
C0389,2024-02-17,171.64
C0389,2024-03-17,688.91
C0390,2023-08-06,319.73
C0390,2023-09-06,933.24
C0390,2023-10-06,449.89
C0390,2023-11-06,336.24
C0390,2023-12-06,746.35
C0390,2024-01-06,639.64
C0390,2024-02-06,562.56
C0390,2024-03-06,853.7
C0390,2024-04-06,900.11
C0390,2024-05-06,255.72
C0390,2024-06-06,207.58
C0391,2023-09-02,195.77
C0391,2023-10-02,225.07
C0391,2023-11-02,143.12
C0392,2023-11-08,740.04
C0392,2023-12-08,787.47
C0392,2024-01-08,801.43
C0392,2024-02-08,676.92
C0392,2024-03-08,464.6
C0392,2024-04-08,864.95
C0392,2024-05-08,546.44
C0392,2024-06-08,542.88
C0393,2023-03-13,350.44
C0393,2023-04-13,718.47
C0393,2023-05-13,475.65
C0393,2023-06-13,944.04
C0393,2023-07-13,207.12
C0393,2023-08-13,535.19
C0393,2023-09-13,328.59
C0394,2023-05-06,180.61
C0394,2023-06-06,344.03
C0394,2023-07-06,750.17
C0394,2023-08-06,558.22
C0394,2023-09-06,879.6
C0395,2023-06-04,476.51
C0395,2023-07-04,372.95
C0395,2023-08-04,422.8
C0395,2023-09-04,489.01
C0395,2023-10-04,771.94
C0395,2023-11-04,680.04
C0395,2023-12-04,309.16
C0395,2024-01-04,993.65
C0395,2024-02-04,303.26
C0395,2024-03-04,879.61
C0395,2024-04-04,223.35
C0396,2023-04-01,834.48
C0397,2023-01-12,918.77
C0398,2023-01-26,147.32
C0398,2023-02-26,612.08
C0398,2023-03-26,512.17
C0398,2023-04-26,488.09
C0398,2023-05-26,101.87
C0398,2023-06-26,566.45
C0398,2023-07-26,256.74
C0398,2023-08-26,743.01
C0398,2023-09-26,124.37
C0398,2023-10-26,366.8
C0399,2023-06-05,212.15
C0399,2023-07-05,147.45
C0399,2023-08-05,598.58
C0399,2023-09-05,509.57
C0399,2023-10-05,373.71
C0399,2023-11-05,371.62
C0400,2023-11-04,665.57
C0400,2023-12-04,134.88
C0400,2024-01-04,788.3
C0400,2024-02-04,826.1
C0400,2024-03-04,841.37
C0400,2024-04-04,879.57
C0400,2024-05-04,366.88
C0400,2024-06-04,488.81
C0401,2023-11-03,298.29
C0401,2023-12-03,626.53
C0401,2024-01-03,571.78
C0401,2024-02-03,340.43
C0402,2023-06-18,492.1
C0402,2023-07-18,768.07
C0402,2023-08-18,384.17
C0402,2023-09-18,297.88
C0402,2023-10-18,909.47
C0402,2023-11-18,448.03
C0402,2023-12-18,972.54
C0402,2024-01-18,556.3
C0402,2024-02-18,939.11
C0403,2023-10-05,253.54
C0403,2023-11-05,517.6
C0403,2023-12-05,642.6
C0403,2024-01-05,998.38
C0403,2024-02-05,300.71
C0403,2024-03-05,413.0
C0403,2024-04-05,182.6
C0403,2024-05-05,891.39
C0403,2024-06-05,585.27
C0404,2023-10-12,791.09
C0404,2023-11-12,629.53
C0404,2023-12-12,187.32
C0404,2024-01-12,633.43
C0404,2024-02-12,872.5
C0404,2024-03-12,805.84
C0405,2023-08-02,347.65
C0405,2023-09-02,938.33
C0405,2023-10-02,922.49
C0406,2023-01-05,695.63
C0406,2023-02-05,774.59
C0406,2023-03-05,376.24
C0406,2023-04-05,408.75
C0406,2023-05-05,192.28
C0406,2023-06-05,225.72
C0406,2023-07-05,975.51
C0407,2023-01-09,544.58
C0408,2023-08-06,763.14
C0408,2023-09-06,615.48
C0408,2023-10-06,943.9
C0408,2023-11-06,501.53
C0408,2023-12-06,400.51
C0408,2024-01-06,667.94
C0408,2024-02-06,748.65
C0408,2024-03-06,645.18
C0408,2024-04-06,574.35
C0408,2024-05-06,715.41
C0408,2024-06-06,754.71
C0409,2023-03-17,270.5
C0409,2023-04-17,953.02
C0409,2023-05-17,212.38
C0409,2023-06-17,198.54
C0409,2023-07-17,998.49
C0409,2023-08-17,355.65
C0410,2023-12-12,969.9
C0410,2024-01-12,334.36
C0410,2024-02-12,744.06
C0410,2024-03-12,903.8
C0410,2024-04-12,355.42
C0410,2024-05-12,375.23
C0410,2024-06-12,657.77
C0411,2023-05-24,561.55
C0411,2023-06-24,395.71
C0411,2023-07-24,390.09
C0411,2023-08-24,163.71
C0411,2023-09-24,828.28
C0411,2023-10-24,547.51
C0412,2023-09-02,369.94
C0412,2023-10-02,488.79
C0412,2023-11-02,958.54
C0412,2023-12-02,810.03
C0412,2024-01-02,295.96
C0412,2024-02-02,143.27
C0412,2024-03-02,113.18
C0413,2023-03-03,978.48
C0413,2023-04-03,287.3
C0413,2023-05-03,328.04
C0414,2023-08-22,616.54
C0414,2023-09-22,849.42
C0414,2023-10-22,920.47
C0415,2023-08-11,248.88
C0415,2023-09-11,985.54
C0416,2023-05-14,149.9
C0416,2023-06-14,512.02
C0416,2023-07-14,890.87
C0416,2023-08-14,952.57
C0416,2023-09-14,652.31
C0416,2023-10-14,591.1
C0416,2023-11-14,271.21
C0416,2023-12-14,522.15
C0416,2024-01-14,836.48
C0416,2024-02-14,617.12
C0416,2024-03-14,561.93
C0416,2024-04-14,481.13
C0416,2024-05-14,760.28
C0416,2024-06-14,590.48
C0417,2023-03-21,313.16
C0417,2023-04-21,212.15
C0417,2023-05-21,306.45
C0417,2023-06-21,149.22
C0417,2023-07-21,192.49
C0417,2023-08-21,487.89
C0417,2023-09-21,226.53
C0417,2023-10-21,407.57
C0417,2023-11-21,106.16
C0417,2023-12-21,717.09
C0417,2024-01-21,218.63
C0418,2023-05-19,347.52
C0418,2023-06-19,871.39
C0418,2023-07-19,503.51
C0418,2023-08-19,295.97
C0418,2023-09-19,616.09
C0418,2023-10-19,504.35
C0419,2023-10-04,957.55
C0419,2023-11-04,661.7
C0419,2023-12-04,888.12
C0419,2024-01-04,103.33
C0419,2024-02-04,414.57
C0419,2024-03-04,812.23
C0419,2024-04-04,369.6
C0419,2024-05-04,186.0
C0420,2023-10-25,941.88
C0421,2023-08-08,881.7
C0421,2023-09-08,141.58
C0421,2023-10-08,921.34
C0421,2023-11-08,106.34
C0421,2023-12-08,169.12
C0421,2024-01-08,711.0
C0421,2024-02-08,175.57
C0421,2024-03-08,667.16
C0422,2023-08-14,409.88
C0422,2023-09-14,760.92
C0422,2023-10-14,291.88
C0422,2023-11-14,283.38
C0422,2023-12-14,183.28
C0422,2024-01-14,477.04
C0422,2024-02-14,738.07
C0423,2023-03-06,223.96
C0423,2023-04-06,116.68
C0423,2023-05-06,692.15
C0423,2023-06-06,807.86
C0423,2023-07-06,375.31
C0423,2023-08-06,156.86
C0423,2023-09-06,985.36
C0423,2023-10-06,777.56
C0423,2023-11-06,215.03
C0423,2023-12-06,369.89
C0423,2024-01-06,671.44
C0424,2023-07-15,410.29
C0424,2023-08-15,901.92
C0424,2023-09-15,743.46
C0424,2023-10-15,919.19
C0424,2023-11-15,664.09
C0424,2023-12-15,679.35
C0424,2024-01-15,504.71
C0424,2024-02-15,255.48
C0424,2024-03-15,893.78
C0425,2023-09-17,273.11
C0425,2023-10-17,697.91
C0425,2023-11-17,117.19
C0425,2023-12-17,950.95
C0425,2024-01-17,491.76
C0425,2024-02-17,279.67
C0425,2024-03-17,771.78
C0425,2024-04-17,890.18
C0425,2024-05-17,984.03
C0425,2024-06-17,260.1
C0426,2023-07-02,496.16
C0426,2023-08-02,620.4
C0426,2023-09-02,765.04
C0426,2023-10-02,587.11
C0426,2023-11-02,731.03
C0426,2023-12-02,920.56
C0426,2024-01-02,556.65
C0426,2024-02-02,217.61
C0426,2024-03-02,882.06
C0427,2023-05-08,100.67
C0427,2023-06-08,747.37
C0427,2023-07-08,173.51
C0427,2023-08-08,325.31
C0427,2023-09-08,516.88
C0427,2023-10-08,941.4
C0427,2023-11-08,908.8
C0427,2023-12-08,234.49
C0428,2023-03-07,512.83
C0428,2023-04-07,372.16
C0428,2023-05-07,521.47
C0429,2023-06-06,940.22
C0430,2023-07-19,212.71
C0430,2023-08-19,125.41
C0431,2023-10-20,422.88
C0431,2023-11-20,743.41
C0431,2023-12-20,375.8
C0432,2023-01-20,968.04
C0432,2023-02-20,531.66
C0433,2023-07-27,104.38
C0433,2023-08-27,190.41
C0433,2023-09-27,122.2
C0433,2023-10-27,298.63
C0433,2023-11-27,996.39
C0433,2023-12-27,861.08
C0433,2024-01-27,137.4
C0433,2024-02-27,932.56
C0433,2024-03-27,193.27
C0433,2024-04-27,369.51
C0433,2024-05-27,998.18
C0434,2023-06-25,467.14
C0435,2023-05-27,685.1
C0435,2023-06-27,128.36
C0435,2023-07-27,669.78
C0436,2023-01-04,661.37
C0436,2023-02-04,204.18
C0436,2023-03-04,225.37
C0436,2023-04-04,133.4
C0436,2023-05-04,705.11
C0436,2023-06-04,407.32
C0436,2023-07-04,832.34
C0436,2023-08-04,587.82
C0437,2023-02-10,233.07
C0438,2023-11-10,264.6
C0438,2023-12-10,439.31
C0439,2023-06-06,346.19
C0439,2023-07-06,984.57
C0439,2023-08-06,552.37
C0439,2023-09-06,731.23
C0439,2023-10-06,144.56
C0439,2023-11-06,407.51
C0440,2023-04-13,912.87
C0440,2023-05-13,836.33
C0440,2023-06-13,213.02
C0440,2023-07-13,289.17
C0440,2023-08-13,837.31
C0440,2023-09-13,873.95
C0440,2023-10-13,647.0
C0440,2023-11-13,678.75
C0440,2023-12-13,626.44
C0440,2024-01-13,128.21
C0440,2024-02-13,660.07
C0441,2023-04-24,285.88
C0441,2023-05-24,879.81
C0441,2023-06-24,702.34
C0441,2023-07-24,334.61
C0441,2023-08-24,100.56
C0442,2023-08-05,925.79
C0442,2023-09-05,171.17
C0442,2023-10-05,191.7
C0442,2023-11-05,654.56
C0443,2023-04-12,912.58
C0443,2023-05-12,186.98
C0443,2023-06-12,388.05
C0443,2023-07-12,822.02
C0443,2023-08-12,476.1
C0443,2023-09-12,360.22
C0443,2023-10-12,205.28
C0443,2023-11-12,867.86
C0443,2023-12-12,171.04
C0443,2024-01-12,527.09
C0443,2024-02-12,422.85
C0443,2024-03-12,625.96
C0443,2024-04-12,406.87
C0443,2024-05-12,404.75
C0443,2024-06-12,598.77
C0444,2023-02-27,941.09
C0444,2023-03-27,926.0
C0445,2023-03-19,644.12
C0445,2023-04-19,601.7
C0446,2023-04-26,795.85
C0446,2023-05-26,800.59
C0446,2023-06-26,502.62
C0446,2023-07-26,720.62
C0447,2023-11-05,361.33
C0447,2023-12-05,368.64
C0447,2024-01-05,395.88
C0447,2024-02-05,265.99
C0447,2024-03-05,348.35
C0447,2024-04-05,168.96
C0447,2024-05-05,313.8
C0447,2024-06-05,357.48
C0448,2023-11-10,950.78
C0449,2023-06-06,625.08
C0449,2023-07-06,836.47
C0449,2023-08-06,265.21
C0449,2023-09-06,486.0
C0449,2023-10-06,353.62
C0449,2023-11-06,567.29
C0449,2023-12-06,211.21
C0449,2024-01-06,624.95
C0449,2024-02-06,389.38
C0449,2024-03-06,214.5
C0450,2023-07-15,544.19
C0450,2023-08-15,134.24
C0450,2023-09-15,575.26
C0450,2023-10-15,199.07
C0450,2023-11-15,853.45
C0451,2023-11-12,642.56
C0451,2023-12-12,203.64
C0451,2024-01-12,700.27
C0451,2024-02-12,892.14
C0451,2024-03-12,382.13
C0451,2024-04-12,674.52
C0451,2024-05-12,200.81
C0451,2024-06-12,579.56
C0452,2023-08-18,982.99
C0452,2023-09-18,206.21
C0452,2023-10-18,185.72
C0452,2023-11-18,463.26
C0453,2023-01-15,257.4
C0453,2023-02-15,256.06
C0453,2023-03-15,554.82
C0453,2023-04-15,282.59
C0453,2023-05-15,996.06
C0453,2023-06-15,544.13
C0454,2023-12-11,114.27
C0454,2024-01-11,899.87
C0454,2024-02-11,505.06
C0454,2024-03-11,609.87
C0454,2024-04-11,372.36
C0454,2024-05-11,351.41
C0454,2024-06-11,243.59
C0455,2023-12-04,109.01
C0456,2023-04-05,614.51
C0456,2023-05-05,750.75
C0456,2023-06-05,549.2
C0456,2023-07-05,450.56
C0456,2023-08-05,114.13
C0456,2023-09-05,180.84
C0456,2023-10-05,183.26
C0456,2023-11-05,279.11
C0457,2023-05-08,101.97
C0457,2023-06-08,227.12
C0458,2023-10-17,184.27
C0459,2023-10-09,649.83
C0459,2023-11-09,904.61
C0459,2023-12-09,336.4
C0459,2024-01-09,934.0
C0459,2024-02-09,384.0
C0459,2024-03-09,713.61
C0460,2023-03-14,723.26
C0460,2023-04-14,938.49
C0460,2023-05-14,341.15
C0460,2023-06-14,609.17
C0460,2023-07-14,802.52
C0460,2023-08-14,465.78
C0460,2023-09-14,441.36
C0460,2023-10-14,258.8
C0461,2023-09-22,163.36
C0461,2023-10-22,552.86
C0461,2023-11-22,103.56
C0461,2023-12-22,445.4
C0462,2023-07-01,243.24
C0462,2023-08-01,477.53
C0462,2023-09-01,699.25
C0462,2023-10-01,298.96
C0462,2023-11-01,550.26
C0462,2023-12-01,252.28
C0462,2024-01-01,109.5
C0462,2024-02-01,601.15
C0463,2023-05-21,358.45
C0463,2023-06-21,204.05
C0463,2023-07-21,133.5
C0464,2023-04-22,705.8
C0465,2023-09-01,894.54
C0465,2023-10-01,567.72
C0465,2023-11-01,515.84
C0466,2023-06-23,145.77
C0467,2023-08-15,406.85
C0468,2023-09-21,946.79
C0468,2023-10-21,697.98
C0468,2023-11-21,851.99
C0469,2023-10-20,797.57
C0469,2023-11-20,646.11
C0469,2023-12-20,587.08
C0469,2024-01-20,558.0
C0469,2024-02-20,445.55
C0469,2024-03-20,227.46
C0469,2024-04-20,581.92
C0469,2024-05-20,372.65
C0469,2024-06-20,967.99
C0470,2023-05-26,993.36
C0470,2023-06-26,364.42
C0470,2023-07-26,731.94
C0470,2023-08-26,115.94
C0470,2023-09-26,119.53
C0470,2023-10-26,247.25
C0470,2023-11-26,553.52
C0470,2023-12-26,426.58
C0470,2024-01-26,863.75
C0471,2023-03-20,535.46
C0471,2023-04-20,384.81
C0471,2023-05-20,275.02
C0471,2023-06-20,383.11
C0471,2023-07-20,716.51
C0471,2023-08-20,423.99
C0471,2023-09-20,483.67
C0471,2023-10-20,701.8
C0471,2023-11-20,714.34
C0472,2023-10-11,313.74
C0473,2023-02-07,447.73
C0473,2023-03-07,479.36
C0473,2023-04-07,213.14
C0473,2023-05-07,786.2
C0474,2023-11-02,698.34
C0474,2023-12-02,704.82
C0474,2024-01-02,825.19
C0474,2024-02-02,881.38
C0474,2024-03-02,728.08
C0474,2024-04-02,999.4
C0474,2024-05-02,109.1
C0474,2024-06-02,798.29
C0475,2023-01-11,502.75
C0476,2023-12-27,927.67
C0476,2024-01-27,288.15
C0476,2024-02-27,915.42
C0476,2024-03-27,666.48
C0476,2024-04-27,820.72
C0476,2024-05-27,553.16
C0476,2024-06-27,924.34
C0477,2023-06-24,273.42
C0477,2023-07-24,709.72
C0477,2023-08-24,746.29
C0477,2023-09-24,952.99
C0477,2023-10-24,195.62
C0477,2023-11-24,721.15
C0477,2023-12-24,902.85
C0477,2024-01-24,557.52
C0478,2023-07-20,339.5
C0478,2023-08-20,484.11
C0478,2023-09-20,754.54
C0478,2023-10-20,226.46
C0478,2023-11-20,605.29
C0478,2023-12-20,499.28
C0479,2023-05-24,496.34
C0479,2023-06-24,816.66
C0479,2023-07-24,964.2
C0479,2023-08-24,570.44
C0479,2023-09-24,472.36
C0479,2023-10-24,773.3
C0479,2023-11-24,284.7
C0479,2023-12-24,213.05
C0479,2024-01-24,897.33
C0479,2024-02-24,761.73
C0479,2024-03-24,342.48
C0480,2023-01-11,223.57
C0480,2023-02-11,628.07
C0480,2023-03-11,757.12
C0480,2023-04-11,805.97
C0480,2023-05-11,262.79
C0480,2023-06-11,326.93
C0480,2023-07-11,167.98
C0480,2023-08-11,699.27
C0480,2023-09-11,958.98
C0481,2023-10-28,737.15
C0481,2023-11-28,327.16
C0481,2023-12-28,278.39
C0481,2024-01-28,999.52
C0481,2024-02-28,487.89
C0481,2024-03-28,643.53
C0481,2024-04-28,185.21
C0481,2024-05-28,549.25
C0481,2024-06-28,156.23
C0482,2023-05-17,307.36
C0482,2023-06-17,983.71
C0482,2023-07-17,894.87
C0483,2023-01-20,538.08
C0483,2023-02-20,866.77
C0483,2023-03-20,335.26
C0484,2023-01-20,753.67
C0484,2023-02-20,504.18
C0484,2023-03-20,592.36
C0484,2023-04-20,778.39
C0484,2023-05-20,586.07
C0484,2023-06-20,754.81
C0484,2023-07-20,423.81
C0484,2023-08-20,973.39
C0484,2023-09-20,341.65
C0484,2023-10-20,853.06
C0484,2023-11-20,349.26
C0484,2023-12-20,735.39
C0484,2024-01-20,449.81
C0484,2024-02-20,902.18
C0484,2024-03-20,230.7
C0484,2024-04-20,966.66
C0484,2024-05-20,985.05
C0484,2024-06-20,132.37
C0485,2023-06-28,358.09
C0485,2023-07-28,351.41
C0485,2023-08-28,930.85
C0485,2023-09-28,886.7
C0485,2023-10-28,181.79
C0486,2023-08-17,667.5
C0486,2023-09-17,288.48
C0486,2023-10-17,763.5
C0486,2023-11-17,524.53
C0487,2023-01-13,708.54
C0488,2023-07-19,756.79
C0488,2023-08-19,172.02
C0488,2023-09-19,872.53
C0488,2023-10-19,203.96
C0488,2023-11-19,298.39
C0489,2023-08-19,881.17
C0489,2023-09-19,155.21
C0489,2023-10-19,661.07
C0490,2023-01-13,603.06
C0490,2023-02-13,567.12
C0491,2023-08-19,726.73
C0491,2023-09-19,316.61
C0491,2023-10-19,775.24
C0491,2023-11-19,535.34
C0491,2023-12-19,332.83
C0491,2024-01-19,356.69
C0491,2024-02-19,101.44
C0491,2024-03-19,893.27
C0491,2024-04-19,647.08
C0491,2024-05-19,708.82
C0491,2024-06-19,836.87
C0492,2023-01-14,690.4
C0492,2023-02-14,772.76
C0492,2023-03-14,507.12
C0492,2023-04-14,673.14
C0493,2023-02-02,843.04
C0493,2023-03-02,438.61
C0494,2023-12-17,552.74
C0494,2024-01-17,921.34
C0495,2023-06-19,551.64
C0495,2023-07-19,405.72
C0495,2023-08-19,358.29
C0495,2023-09-19,420.62
C0495,2023-10-19,725.61
C0495,2023-11-19,534.59
C0495,2023-12-19,918.16
C0495,2024-01-19,792.2
C0496,2023-04-01,501.72
C0496,2023-05-01,950.02
C0496,2023-06-01,568.12
C0496,2023-07-01,332.55
C0496,2023-08-01,909.64
C0496,2023-09-01,275.82
C0496,2023-10-01,644.9
C0496,2023-11-01,705.54
C0496,2023-12-01,696.51
C0496,2024-01-01,480.43
C0496,2024-02-01,375.13
C0496,2024-03-01,686.68
C0496,2024-04-01,790.45
C0497,2023-07-07,357.26
C0497,2023-08-07,411.09
C0497,2023-09-07,494.3
C0497,2023-10-07,594.39
C0498,2023-10-10,953.08
C0498,2023-11-10,510.77
C0498,2023-12-10,330.29
C0498,2024-01-10,709.91
C0498,2024-02-10,641.78
C0498,2024-03-10,181.45
C0498,2024-04-10,336.77
C0498,2024-05-10,270.6
C0499,2023-02-28,487.85
C0499,2023-03-28,494.22
C0499,2023-04-28,486.03
C0499,2023-05-28,569.06
C0499,2023-06-28,159.02
C0499,2023-07-28,603.75
C0499,2023-08-28,827.52
C0499,2023-09-28,816.37
C0499,2023-10-28,165.56
C0500,2023-07-23,455.1
C0500,2023-08-23,351.23
C0500,2023-09-23,885.98
C0500,2023-10-23,847.57
C0500,2023-11-23,646.72
C0500,2023-12-23,887.03
C0500,2024-01-23,334.93
